Gender,Married,Dependents,Education,Self_Employed,ApplicantIncome,CoapplicantIncome,LoanAmount,Loan_Amount_Term,Credit_History,Property_Area,Loan_Status,Income_bin,TotalIncome,TotalIncome_bin,Loan_Amount_per_year,EMI,Able_to_pay_EMI
Male,No,0,Graduate,No,5849,0.0,,30.0,1.0,Urban,Y,Medium,5849.0,High,,,0
Male,Yes,1,Graduate,No,4583,1508.0,128.0,30.0,1.0,Rural,N,Medium,6091.0,High,4.266666666666667,355.5555555555556,1
Male,Yes,0,Graduate,Yes,3000,0.0,66.0,30.0,1.0,Urban,Y,Average,3000.0,Low,2.2,183.33333333333334,1
Male,Yes,0,Not Graduate,No,2583,2358.0,120.0,30.0,1.0,Urban,Y,Average,4941.0,Average,4.0,333.3333333333333,1
Male,No,0,Graduate,No,6000,0.0,141.0,30.0,1.0,Urban,Y,Medium,6000.0,High,4.7,391.6666666666667,1
Male,Yes,2,Graduate,Yes,5417,4196.0,267.0,30.0,1.0,Urban,Y,Medium,9613.0,Very High,8.9,741.6666666666666,1
Male,Yes,0,Not Graduate,No,2333,1516.0,95.0,30.0,1.0,Urban,Y,Low,3849.0,Average,3.1666666666666665,263.88888888888886,1
Male,Yes,3+,Graduate,No,3036,2504.0,158.0,30.0,0.0,Semiurban,N,Average,5540.0,High,5.266666666666667,438.8888888888889,1
Male,Yes,2,Graduate,No,4006,1526.0,168.0,30.0,1.0,Urban,Y,Medium,5532.0,High,5.6,466.6666666666667,1
Male,Yes,1,Graduate,No,12841,10968.0,349.0,30.0,1.0,Semiurban,N,H3,23809.0,Very High,11.633333333333333,969.4444444444443,1
Male,Yes,2,Graduate,No,3200,700.0,70.0,30.0,1.0,Urban,Y,Average,3900.0,Average,2.3333333333333335,194.44444444444446,1
Male,Yes,2,Graduate,,2500,1840.0,109.0,30.0,1.0,Urban,Y,Low,4340.0,Average,3.6333333333333333,302.77777777777777,1
Male,Yes,2,Graduate,No,3073,8106.0,200.0,30.0,1.0,Urban,Y,Average,11179.0,Very High,6.666666666666667,555.5555555555555,1
Male,No,0,Graduate,No,1853,2840.0,114.0,30.0,1.0,Rural,N,Low,4693.0,Average,3.8,316.6666666666667,1
Male,Yes,2,Graduate,No,1299,1086.0,17.0,10.0,1.0,Urban,Y,Low,2385.0,Low,1.7,141.66666666666666,1
Male,No,0,Graduate,No,4950,0.0,125.0,30.0,1.0,Urban,Y,Medium,4950.0,Average,4.166666666666667,347.22222222222223,1
Male,No,1,Not Graduate,No,3596,0.0,100.0,20.0,,Urban,Y,Average,3596.0,Average,5.0,416.6666666666667,1
Female,No,0,Graduate,No,3510,0.0,76.0,30.0,0.0,Urban,N,Average,3510.0,Average,2.533333333333333,211.1111111111111,1
Male,Yes,0,Not Graduate,No,4887,0.0,133.0,30.0,1.0,Rural,N,Medium,4887.0,Average,4.433333333333334,369.4444444444445,1
Male,Yes,0,Graduate,,2600,3500.0,115.0,,1.0,Urban,Y,Average,6100.0,High,,,0
Male,Yes,0,Not Graduate,No,7660,0.0,104.0,30.0,0.0,Urban,N,H1,7660.0,High,3.466666666666667,288.8888888888889,1
Male,Yes,1,Graduate,No,5955,5625.0,315.0,30.0,1.0,Urban,Y,Medium,11580.0,Very High,10.5,875.0,1
Male,Yes,0,Not Graduate,No,2600,1911.0,116.0,30.0,0.0,Semiurban,N,Average,4511.0,Average,3.8666666666666667,322.22222222222223,1
,Yes,2,Not Graduate,No,3365,1917.0,112.0,30.0,0.0,Rural,N,Average,5282.0,High,3.7333333333333334,311.11111111111114,1
Male,Yes,1,Graduate,,3717,2925.0,151.0,30.0,,Semiurban,N,Average,6642.0,High,5.033333333333333,419.4444444444444,1
Male,Yes,0,Graduate,Yes,9560,0.0,191.0,30.0,1.0,Semiurban,Y,H2,9560.0,Very High,6.366666666666666,530.5555555555555,1
Male,Yes,0,Graduate,No,2799,2253.0,122.0,30.0,1.0,Semiurban,Y,Average,5052.0,High,4.066666666666666,338.88888888888886,1
Male,Yes,2,Not Graduate,No,4226,1040.0,110.0,30.0,1.0,Urban,Y,Medium,5266.0,High,3.6666666666666665,305.55555555555554,1
Male,No,0,Not Graduate,No,1442,0.0,35.0,30.0,1.0,Urban,N,Low,1442.0,Low,1.1666666666666667,97.22222222222223,1
Female,No,2,Graduate,,3750,2083.0,120.0,30.0,1.0,Semiurban,Y,Average,5833.0,High,4.0,333.3333333333333,1
Male,Yes,1,Graduate,,4166,3369.0,201.0,30.0,,Urban,N,Medium,7535.0,High,6.7,558.3333333333334,1
Male,No,0,Graduate,No,3167,0.0,74.0,30.0,1.0,Urban,N,Average,3167.0,Average,2.466666666666667,205.55555555555557,1
Male,No,1,Graduate,Yes,4692,0.0,106.0,30.0,1.0,Rural,N,Medium,4692.0,Average,3.533333333333333,294.4444444444444,1
Male,Yes,0,Graduate,No,3500,1667.0,114.0,30.0,1.0,Semiurban,Y,Average,5167.0,High,3.8,316.6666666666667,1
Male,No,3+,Graduate,No,12500,3000.0,320.0,30.0,1.0,Rural,N,H3,15500.0,Very High,10.666666666666666,888.8888888888888,1
Male,Yes,0,Graduate,No,2275,2067.0,,30.0,1.0,Urban,Y,Low,4342.0,Average,,,0
Male,Yes,0,Graduate,No,1828,1330.0,100.0,,0.0,Urban,N,Low,3158.0,Average,,,0
Female,Yes,0,Graduate,No,3667,1459.0,144.0,30.0,1.0,Semiurban,Y,Average,5126.0,High,4.8,400.0,1
Male,No,0,Graduate,No,4166,7210.0,184.0,30.0,1.0,Urban,Y,Medium,11376.0,Very High,6.133333333333334,511.11111111111114,1
Male,No,0,Not Graduate,No,3748,1668.0,110.0,30.0,1.0,Semiurban,Y,Average,5416.0,High,3.6666666666666665,305.55555555555554,1
Male,No,0,Graduate,No,3600,0.0,80.0,30.0,1.0,Urban,N,Average,3600.0,Average,2.6666666666666665,222.2222222222222,1
Male,No,0,Graduate,No,1800,1213.0,47.0,30.0,1.0,Urban,Y,Low,3013.0,Average,1.5666666666666667,130.55555555555557,1
Male,Yes,0,Graduate,No,2400,0.0,75.0,30.0,,Urban,Y,Low,2400.0,Low,2.5,208.33333333333334,1
Male,Yes,0,Graduate,No,3941,2336.0,134.0,30.0,1.0,Semiurban,Y,Average,6277.0,High,4.466666666666667,372.22222222222223,1
Male,Yes,0,Not Graduate,Yes,4695,0.0,96.0,,1.0,Urban,Y,Medium,4695.0,Average,,,0
Female,No,0,Graduate,No,3410,0.0,88.0,,1.0,Urban,Y,Average,3410.0,Average,,,0
Male,Yes,1,Graduate,No,5649,0.0,44.0,30.0,1.0,Urban,Y,Medium,5649.0,High,1.4666666666666666,122.22222222222221,1
Male,Yes,0,Graduate,No,5821,0.0,144.0,30.0,1.0,Urban,Y,Medium,5821.0,High,4.8,400.0,1
Female,Yes,0,Graduate,No,2645,3440.0,120.0,30.0,0.0,Urban,N,Average,6085.0,High,4.0,333.3333333333333,1
Female,No,0,Graduate,No,4000,2275.0,144.0,30.0,1.0,Semiurban,Y,Average,6275.0,High,4.8,400.0,1
Female,Yes,0,Not Graduate,No,1928,1644.0,100.0,30.0,1.0,Semiurban,Y,Low,3572.0,Average,3.3333333333333335,277.77777777777777,1
Female,No,0,Graduate,No,3086,0.0,120.0,30.0,1.0,Semiurban,Y,Average,3086.0,Average,4.0,333.3333333333333,1
Female,No,0,Graduate,No,4230,0.0,112.0,30.0,1.0,Semiurban,N,Medium,4230.0,Average,3.7333333333333334,311.11111111111114,1
Male,Yes,2,Graduate,No,4616,0.0,134.0,30.0,1.0,Urban,N,Medium,4616.0,Average,4.466666666666667,372.22222222222223,1
Female,Yes,1,Graduate,Yes,11500,0.0,286.0,30.0,0.0,Urban,N,H3,11500.0,Very High,9.533333333333333,794.4444444444445,1
Male,Yes,2,Graduate,No,2708,1167.0,97.0,30.0,1.0,Semiurban,Y,Average,3875.0,Average,3.2333333333333334,269.44444444444446,1
Male,Yes,0,Graduate,No,2132,1591.0,96.0,30.0,1.0,Semiurban,Y,Low,3723.0,Average,3.2,266.6666666666667,1
Male,Yes,0,Graduate,No,3366,2200.0,135.0,30.0,1.0,Rural,N,Average,5566.0,High,4.5,375.0,1
Male,Yes,1,Graduate,No,8080,2250.0,180.0,30.0,1.0,Urban,Y,H2,10330.0,Very High,6.0,500.0,1
Male,Yes,2,Not Graduate,No,3357,2859.0,144.0,30.0,1.0,Urban,Y,Average,6216.0,High,4.8,400.0,1
Male,Yes,0,Graduate,No,2500,3796.0,120.0,30.0,1.0,Urban,Y,Low,6296.0,High,4.0,333.3333333333333,1
Male,Yes,3+,Graduate,No,3029,0.0,99.0,30.0,1.0,Urban,Y,Average,3029.0,Average,3.3,275.0,1
Male,Yes,0,Not Graduate,Yes,2609,3449.0,165.0,15.0,0.0,Rural,N,Average,6058.0,High,11.0,916.6666666666666,1
Male,Yes,1,Graduate,No,4945,0.0,,30.0,0.0,Rural,N,Medium,4945.0,Average,,,0
Female,No,0,Graduate,No,4166,0.0,116.0,30.0,0.0,Semiurban,N,Medium,4166.0,Average,3.8666666666666667,322.22222222222223,1
Male,Yes,0,Graduate,No,5726,4595.0,258.0,30.0,1.0,Semiurban,N,Medium,10321.0,Very High,8.6,716.6666666666666,1
Male,No,0,Not Graduate,No,3200,2254.0,126.0,15.0,0.0,Urban,N,Average,5454.0,High,8.4,700.0,1
Male,Yes,1,Graduate,No,10750,0.0,312.0,30.0,1.0,Urban,Y,H3,10750.0,Very High,10.4,866.6666666666666,1
Male,Yes,3+,Not Graduate,Yes,7100,0.0,125.0,5.0,1.0,Urban,Y,H1,7100.0,High,25.0,2083.3333333333335,1
Female,No,0,Graduate,No,4300,0.0,136.0,30.0,0.0,Semiurban,N,Medium,4300.0,Average,4.533333333333333,377.77777777777777,1
Male,Yes,0,Graduate,No,3208,3066.0,172.0,30.0,1.0,Urban,Y,Average,6274.0,High,5.733333333333333,477.77777777777777,1
Male,Yes,2,Not Graduate,Yes,1875,1875.0,97.0,30.0,1.0,Semiurban,Y,Low,3750.0,Average,3.2333333333333334,269.44444444444446,1
Male,No,0,Graduate,No,3500,0.0,81.0,25.0,1.0,Semiurban,Y,Average,3500.0,Average,3.24,270.0,1
Male,Yes,3+,Not Graduate,No,4755,0.0,95.0,,0.0,Semiurban,N,Medium,4755.0,Average,,,0
Male,Yes,3+,Graduate,Yes,5266,1774.0,187.0,30.0,1.0,Semiurban,Y,Medium,7040.0,High,6.233333333333333,519.4444444444445,1
Male,No,0,Graduate,No,3750,0.0,113.0,40.0,1.0,Urban,N,Average,3750.0,Average,2.825,235.41666666666666,1
Male,No,0,Graduate,No,3750,4750.0,176.0,30.0,1.0,Urban,N,Average,8500.0,Very High,5.866666666666666,488.88888888888886,1
Male,Yes,1,Graduate,Yes,1000,3022.0,110.0,30.0,1.0,Urban,N,Low,4022.0,Average,3.6666666666666665,305.55555555555554,1
Male,Yes,3+,Graduate,No,3167,4000.0,180.0,25.0,0.0,Semiurban,N,Average,7167.0,High,7.2,600.0,1
Male,Yes,3+,Not Graduate,Yes,3333,2166.0,130.0,30.0,,Semiurban,Y,Average,5499.0,High,4.333333333333333,361.1111111111111,1
Female,No,0,Graduate,No,3846,0.0,111.0,30.0,1.0,Semiurban,Y,Average,3846.0,Average,3.7,308.3333333333333,1
Male,Yes,1,Graduate,Yes,2395,0.0,,30.0,1.0,Semiurban,Y,Low,2395.0,Low,,,0
Female,Yes,2,Graduate,No,1378,1881.0,167.0,30.0,1.0,Urban,N,Low,3259.0,Average,5.566666666666666,463.88888888888886,1
Male,Yes,0,Graduate,No,6000,2250.0,265.0,30.0,,Semiurban,N,Medium,8250.0,Very High,8.833333333333334,736.1111111111112,1
Male,Yes,1,Graduate,No,3988,0.0,50.0,20.0,1.0,Urban,Y,Average,3988.0,Average,2.5,208.33333333333334,1
Male,No,0,Graduate,No,2366,2531.0,136.0,30.0,1.0,Semiurban,Y,Low,4897.0,Average,4.533333333333333,377.77777777777777,1
Male,Yes,2,Not Graduate,No,3333,2000.0,99.0,30.0,,Semiurban,Y,Average,5333.0,High,3.3,275.0,1
Male,Yes,0,Graduate,No,2500,2118.0,104.0,30.0,1.0,Semiurban,Y,Low,4618.0,Average,3.466666666666667,288.8888888888889,1
Male,No,0,Graduate,No,8566,0.0,210.0,30.0,1.0,Urban,Y,H2,8566.0,Very High,7.0,583.3333333333334,1
Male,Yes,0,Graduate,No,5695,4167.0,175.0,30.0,1.0,Semiurban,Y,Medium,9862.0,Very High,5.833333333333333,486.1111111111111,1
Male,Yes,0,Graduate,No,2958,2900.0,131.0,30.0,1.0,Semiurban,Y,Average,5858.0,High,4.366666666666666,363.88888888888886,1
Male,Yes,2,Graduate,No,6250,5654.0,188.0,15.0,1.0,Semiurban,Y,H1,11904.0,Very High,12.533333333333333,1044.4444444444446,1
Male,Yes,2,Not Graduate,No,3273,1820.0,81.0,30.0,1.0,Urban,Y,Average,5093.0,High,2.7,225.0,1
Male,No,0,Graduate,No,4133,0.0,122.0,30.0,1.0,Semiurban,Y,Medium,4133.0,Average,4.066666666666666,338.88888888888886,1
Male,No,0,Not Graduate,No,3620,0.0,25.0,10.0,1.0,Semiurban,Y,Average,3620.0,Average,2.5,208.33333333333334,1
Male,No,0,Graduate,,6782,0.0,,30.0,,Urban,N,H1,6782.0,High,,,0
Female,Yes,0,Graduate,No,2484,2302.0,137.0,30.0,1.0,Semiurban,Y,Low,4786.0,Average,4.566666666666666,380.5555555555555,1
Male,Yes,0,Graduate,No,1977,997.0,50.0,30.0,1.0,Semiurban,Y,Low,2974.0,Low,1.6666666666666667,138.88888888888889,1
Male,Yes,0,Not Graduate,No,4188,0.0,115.0,15.0,1.0,Semiurban,Y,Medium,4188.0,Average,7.666666666666667,638.8888888888889,1
Male,Yes,0,Graduate,No,1759,3541.0,131.0,30.0,1.0,Semiurban,Y,Low,5300.0,High,4.366666666666666,363.88888888888886,1
Male,Yes,2,Not Graduate,No,4288,3263.0,133.0,15.0,1.0,Urban,Y,Medium,7551.0,High,8.866666666666667,738.888888888889,1
Male,No,0,Graduate,No,4843,3806.0,151.0,30.0,1.0,Semiurban,Y,Medium,8649.0,Very High,5.033333333333333,419.4444444444444,1
Male,Yes,,Graduate,No,13650,0.0,,30.0,1.0,Urban,Y,H3,13650.0,Very High,,,0
Male,Yes,0,Graduate,No,4652,3583.0,,30.0,1.0,Semiurban,Y,Medium,8235.0,Very High,,,0
Male,,,Graduate,No,3816,754.0,160.0,30.0,1.0,Urban,Y,Average,4570.0,Average,5.333333333333333,444.4444444444444,1
Male,Yes,1,Graduate,No,3052,1030.0,100.0,30.0,1.0,Urban,Y,Average,4082.0,Average,3.3333333333333335,277.77777777777777,1
Male,Yes,2,Graduate,No,11417,1126.0,225.0,30.0,1.0,Urban,Y,H3,12543.0,Very High,7.5,625.0,1
Male,No,0,Not Graduate,,7333,0.0,120.0,30.0,1.0,Rural,N,H1,7333.0,High,4.0,333.3333333333333,1
Male,Yes,2,Graduate,No,3800,3600.0,216.0,30.0,0.0,Urban,N,Average,7400.0,High,7.2,600.0,1
Male,Yes,3+,Not Graduate,No,2071,754.0,94.0,40.0,1.0,Semiurban,Y,Low,2825.0,Low,2.35,195.83333333333334,1
Male,No,0,Graduate,No,5316,0.0,136.0,30.0,1.0,Urban,Y,Medium,5316.0,High,4.533333333333333,377.77777777777777,1
Female,Yes,0,Graduate,,2929,2333.0,139.0,30.0,1.0,Semiurban,Y,Average,5262.0,High,4.633333333333334,386.11111111111114,1
Male,Yes,0,Not Graduate,No,3572,4114.0,152.0,,0.0,Rural,N,Average,7686.0,High,,,0
Female,No,1,Graduate,Yes,7451,0.0,,30.0,1.0,Semiurban,Y,H1,7451.0,High,,,0
Male,No,0,Graduate,,5050,0.0,118.0,30.0,1.0,Semiurban,Y,Medium,5050.0,High,3.933333333333333,327.77777777777777,1
Male,Yes,1,Graduate,No,14583,0.0,185.0,15.0,1.0,Rural,Y,H3,14583.0,Very High,12.333333333333334,1027.7777777777778,1
Female,Yes,0,Graduate,No,3167,2283.0,154.0,30.0,1.0,Semiurban,Y,Average,5450.0,High,5.133333333333334,427.7777777777778,1
Male,Yes,1,Graduate,No,2214,1398.0,85.0,30.0,,Urban,Y,Low,3612.0,Average,2.8333333333333335,236.11111111111111,1
Male,Yes,0,Graduate,No,5568,2142.0,175.0,30.0,1.0,Rural,N,Medium,7710.0,High,5.833333333333333,486.1111111111111,1
Female,No,0,Graduate,No,10408,0.0,259.0,30.0,1.0,Urban,Y,H3,10408.0,Very High,8.633333333333333,719.4444444444443,1
Male,Yes,,Graduate,No,5667,2667.0,180.0,30.0,1.0,Rural,Y,Medium,8334.0,Very High,6.0,500.0,1
Female,No,0,Graduate,No,4166,0.0,44.0,30.0,1.0,Semiurban,Y,Medium,4166.0,Average,1.4666666666666666,122.22222222222221,1
Female,No,0,Graduate,No,2137,8980.0,137.0,30.0,0.0,Semiurban,Y,Low,11117.0,Very High,4.566666666666666,380.5555555555555,1
Male,Yes,2,Graduate,No,2957,0.0,81.0,30.0,1.0,Semiurban,Y,Average,2957.0,Low,2.7,225.0,1
Male,Yes,0,Not Graduate,No,4300,2014.0,194.0,30.0,1.0,Rural,Y,Medium,6314.0,High,6.466666666666667,538.8888888888889,1
Female,No,0,Graduate,No,3692,0.0,93.0,30.0,,Rural,Y,Average,3692.0,Average,3.1,258.3333333333333,1
,Yes,3+,Graduate,No,23803,0.0,370.0,30.0,1.0,Rural,Y,H4,23803.0,Very High,12.333333333333334,1027.7777777777778,1
Male,No,0,Graduate,No,3865,1640.0,,30.0,1.0,Rural,Y,Average,5505.0,High,,,0
Male,Yes,1,Graduate,Yes,10513,3850.0,160.0,15.0,0.0,Urban,N,H3,14363.0,Very High,10.666666666666666,888.8888888888888,1
Male,Yes,0,Graduate,No,6080,2569.0,182.0,30.0,,Rural,N,H1,8649.0,Very High,6.066666666666666,505.5555555555555,1
Male,No,0,Graduate,Yes,20166,0.0,650.0,40.0,,Urban,Y,H4,20166.0,Very High,16.25,1354.1666666666667,1
Male,No,0,Graduate,No,2014,1929.0,74.0,30.0,1.0,Urban,Y,Low,3943.0,Average,2.466666666666667,205.55555555555557,1
Male,No,0,Graduate,No,2718,0.0,70.0,30.0,1.0,Semiurban,Y,Average,2718.0,Low,2.3333333333333335,194.44444444444446,1
Male,Yes,0,Graduate,Yes,3459,0.0,25.0,10.0,1.0,Semiurban,Y,Average,3459.0,Average,2.5,208.33333333333334,1
Male,No,0,Graduate,No,4895,0.0,102.0,30.0,1.0,Semiurban,Y,Medium,4895.0,Average,3.4,283.3333333333333,1
Male,Yes,3+,Graduate,No,4000,7750.0,290.0,30.0,1.0,Semiurban,N,Average,11750.0,Very High,9.666666666666666,805.5555555555555,1
Female,Yes,0,Graduate,No,4583,0.0,84.0,30.0,1.0,Rural,N,Medium,4583.0,Average,2.8,233.33333333333334,1
Male,Yes,2,Graduate,Yes,3316,3500.0,88.0,30.0,1.0,Urban,Y,Average,6816.0,High,2.933333333333333,244.44444444444443,1
Male,No,0,Graduate,No,14999,0.0,242.0,30.0,0.0,Semiurban,N,H3,14999.0,Very High,8.066666666666666,672.2222222222222,1
Male,Yes,2,Not Graduate,No,4200,1430.0,129.0,30.0,1.0,Rural,N,Medium,5630.0,High,4.3,358.3333333333333,1
Male,Yes,2,Graduate,No,5042,2083.0,185.0,30.0,1.0,Rural,N,Medium,7125.0,High,6.166666666666667,513.8888888888889,1
Male,No,0,Graduate,No,5417,0.0,168.0,30.0,1.0,Urban,Y,Medium,5417.0,High,5.6,466.6666666666667,1
Male,No,0,Graduate,Yes,6950,0.0,175.0,15.0,1.0,Semiurban,Y,H1,6950.0,High,11.666666666666666,972.2222222222222,1
Male,Yes,0,Graduate,No,2698,2034.0,122.0,30.0,1.0,Semiurban,Y,Average,4732.0,Average,4.066666666666666,338.88888888888886,1
Male,Yes,2,Graduate,No,11757,0.0,187.0,15.0,1.0,Urban,Y,H3,11757.0,Very High,12.466666666666667,1038.888888888889,1
Female,Yes,0,Graduate,No,2330,4486.0,100.0,30.0,1.0,Semiurban,Y,Low,6816.0,High,3.3333333333333335,277.77777777777777,1
Female,Yes,2,Graduate,No,14866,0.0,70.0,30.0,1.0,Urban,Y,H3,14866.0,Very High,2.3333333333333335,194.44444444444446,1
Male,Yes,1,Graduate,No,1538,1425.0,30.0,30.0,1.0,Urban,Y,Low,2963.0,Low,1.0,83.33333333333333,1
Female,No,0,Graduate,No,10000,1666.0,225.0,30.0,1.0,Rural,N,H2,11666.0,Very High,7.5,625.0,1
Male,Yes,0,Graduate,No,4860,830.0,125.0,30.0,1.0,Semiurban,Y,Medium,5690.0,High,4.166666666666667,347.22222222222223,1
Male,No,0,Graduate,No,6277,0.0,118.0,30.0,0.0,Rural,N,H1,6277.0,High,3.933333333333333,327.77777777777777,1
Male,Yes,0,Graduate,Yes,2577,3750.0,152.0,30.0,1.0,Rural,Y,Average,6327.0,High,5.066666666666666,422.2222222222222,1
Male,No,0,Graduate,No,9166,0.0,244.0,30.0,1.0,Urban,N,H2,9166.0,Very High,8.133333333333333,677.7777777777777,1
Male,Yes,2,Not Graduate,No,2281,0.0,113.0,30.0,1.0,Rural,N,Low,2281.0,Low,3.7666666666666666,313.88888888888886,1
Male,No,0,Graduate,No,3254,0.0,50.0,30.0,1.0,Urban,Y,Average,3254.0,Average,1.6666666666666667,138.88888888888889,1
Male,Yes,3+,Graduate,No,39999,0.0,600.0,15.0,0.0,Semiurban,Y,H4,39999.0,Very High,40.0,3333.3333333333335,1
Male,Yes,1,Graduate,No,6000,0.0,160.0,30.0,,Rural,Y,Medium,6000.0,High,5.333333333333333,444.4444444444444,1
Male,Yes,1,Graduate,No,9538,0.0,187.0,30.0,1.0,Urban,Y,H2,9538.0,Very High,6.233333333333333,519.4444444444445,1
Male,No,0,Graduate,,2980,2083.0,120.0,30.0,1.0,Rural,Y,Average,5063.0,High,4.0,333.3333333333333,1
Male,Yes,0,Graduate,No,4583,5625.0,255.0,30.0,1.0,Semiurban,Y,Medium,10208.0,Very High,8.5,708.3333333333334,1
Male,Yes,0,Not Graduate,No,1863,1041.0,98.0,30.0,1.0,Semiurban,Y,Low,2904.0,Low,3.2666666666666666,272.22222222222223,1
Male,Yes,0,Graduate,No,7933,0.0,275.0,30.0,1.0,Urban,N,H1,7933.0,High,9.166666666666666,763.8888888888888,1
Male,Yes,1,Graduate,No,3089,1280.0,121.0,30.0,0.0,Semiurban,N,Average,4369.0,Average,4.033333333333333,336.1111111111111,1
Male,Yes,2,Graduate,No,4167,1447.0,158.0,30.0,1.0,Rural,Y,Medium,5614.0,High,5.266666666666667,438.8888888888889,1
Male,Yes,0,Graduate,No,9323,0.0,75.0,15.0,1.0,Urban,Y,H2,9323.0,Very High,5.0,416.6666666666667,1
Male,Yes,0,Graduate,No,3707,3166.0,182.0,,1.0,Rural,Y,Average,6873.0,High,,,0
Female,Yes,0,Graduate,No,4583,0.0,112.0,30.0,1.0,Rural,N,Medium,4583.0,Average,3.7333333333333334,311.11111111111114,1
Male,Yes,0,Graduate,No,2439,3333.0,129.0,30.0,1.0,Rural,Y,Low,5772.0,High,4.3,358.3333333333333,1
Male,No,0,Graduate,No,2237,0.0,63.0,40.0,0.0,Semiurban,N,Low,2237.0,Low,1.575,131.25,1
Male,Yes,2,Graduate,No,8000,0.0,200.0,30.0,1.0,Semiurban,Y,H1,8000.0,High,6.666666666666667,555.5555555555555,1
Male,Yes,0,Not Graduate,,1820,1769.0,95.0,30.0,1.0,Rural,Y,Low,3589.0,Average,3.1666666666666665,263.88888888888886,1
,Yes,3+,Graduate,No,51763,0.0,700.0,25.0,1.0,Urban,Y,Very High,51763.0,Very High,28.0,2333.3333333333335,1
Male,Yes,3+,Not Graduate,No,3522,0.0,81.0,15.0,1.0,Rural,N,Average,3522.0,Average,5.4,450.0,1
Male,Yes,0,Graduate,No,5708,5625.0,187.0,30.0,1.0,Semiurban,Y,Medium,11333.0,Very High,6.233333333333333,519.4444444444445,1
Male,Yes,0,Not Graduate,Yes,4344,736.0,87.0,30.0,1.0,Semiurban,N,Medium,5080.0,High,2.9,241.66666666666666,1
Male,Yes,0,Graduate,No,3497,1964.0,116.0,30.0,1.0,Rural,Y,Average,5461.0,High,3.8666666666666667,322.22222222222223,1
Male,Yes,2,Graduate,No,2045,1619.0,101.0,30.0,1.0,Rural,Y,Low,3664.0,Average,3.3666666666666667,280.55555555555554,1
Male,Yes,3+,Graduate,No,5516,11300.0,495.0,30.0,0.0,Semiurban,N,Medium,16816.0,Very High,16.5,1375.0,1
Male,Yes,1,Graduate,No,3750,0.0,116.0,30.0,1.0,Semiurban,Y,Average,3750.0,Average,3.8666666666666667,322.22222222222223,1
Male,No,0,Not Graduate,No,2333,1451.0,102.0,40.0,0.0,Urban,N,Low,3784.0,Average,2.55,212.5,1
Male,Yes,1,Graduate,No,6400,7250.0,180.0,30.0,0.0,Urban,N,H1,13650.0,Very High,6.0,500.0,1
Male,No,0,Graduate,No,1916,5063.0,67.0,30.0,,Rural,N,Low,6979.0,High,2.2333333333333334,186.11111111111111,1
Male,Yes,0,Graduate,No,4600,0.0,73.0,15.0,1.0,Semiurban,Y,Medium,4600.0,Average,4.866666666666666,405.5555555555555,1
Male,Yes,1,Graduate,No,33846,0.0,260.0,30.0,1.0,Semiurban,N,H4,33846.0,Very High,8.666666666666666,722.2222222222222,1
Female,Yes,0,Graduate,No,3625,0.0,108.0,30.0,1.0,Semiurban,Y,Average,3625.0,Average,3.6,300.0,1
Male,Yes,0,Graduate,Yes,39147,4750.0,120.0,30.0,1.0,Semiurban,Y,H4,43897.0,Very High,4.0,333.3333333333333,1
Male,Yes,1,Graduate,Yes,2178,0.0,66.0,25.0,0.0,Rural,N,Low,2178.0,Low,2.64,220.0,1
Male,Yes,0,Graduate,No,2383,2138.0,58.0,30.0,,Rural,Y,Low,4521.0,Average,1.9333333333333333,161.11111111111111,1
,Yes,0,Graduate,Yes,674,5296.0,168.0,30.0,1.0,Rural,Y,Low,5970.0,High,5.6,466.6666666666667,1
Male,Yes,0,Graduate,No,9328,0.0,188.0,15.0,1.0,Rural,Y,H2,9328.0,Very High,12.533333333333333,1044.4444444444446,1
Male,No,0,Not Graduate,No,4885,0.0,48.0,30.0,1.0,Rural,Y,Medium,4885.0,Average,1.6,133.33333333333334,1
Male,No,0,Graduate,No,12000,0.0,164.0,30.0,1.0,Semiurban,N,H3,12000.0,Very High,5.466666666666667,455.5555555555556,1
Male,Yes,0,Not Graduate,No,6033,0.0,160.0,30.0,1.0,Urban,N,H1,6033.0,High,5.333333333333333,444.4444444444444,1
Male,No,0,Graduate,No,3858,0.0,76.0,30.0,1.0,Semiurban,Y,Average,3858.0,Average,2.533333333333333,211.1111111111111,1
Male,No,0,Graduate,No,4191,0.0,120.0,30.0,1.0,Rural,Y,Medium,4191.0,Average,4.0,333.3333333333333,1
Male,Yes,1,Graduate,No,3125,2583.0,170.0,30.0,1.0,Semiurban,N,Average,5708.0,High,5.666666666666667,472.22222222222223,1
Male,No,0,Graduate,No,8333,3750.0,187.0,30.0,1.0,Rural,Y,H2,12083.0,Very High,6.233333333333333,519.4444444444445,1
Female,No,0,Not Graduate,No,1907,2365.0,120.0,,1.0,Urban,Y,Low,4272.0,Average,,,0
Female,Yes,0,Graduate,No,3416,2816.0,113.0,30.0,,Semiurban,Y,Average,6232.0,High,3.7666666666666666,313.88888888888886,1
Male,No,0,Graduate,Yes,11000,0.0,83.0,30.0,1.0,Urban,N,H3,11000.0,Very High,2.7666666666666666,230.55555555555554,1
Male,Yes,1,Not Graduate,No,2600,2500.0,90.0,30.0,1.0,Semiurban,Y,Average,5100.0,High,3.0,250.0,1
Male,No,2,Graduate,No,4923,0.0,166.0,30.0,0.0,Semiurban,Y,Medium,4923.0,Average,5.533333333333333,461.1111111111111,1
Male,Yes,3+,Not Graduate,No,3992,0.0,,15.0,1.0,Urban,N,Average,3992.0,Average,,,0
Male,Yes,1,Not Graduate,No,3500,1083.0,135.0,30.0,1.0,Urban,Y,Average,4583.0,Average,4.5,375.0,1
Male,Yes,2,Not Graduate,No,3917,0.0,124.0,30.0,1.0,Semiurban,Y,Average,3917.0,Average,4.133333333333334,344.4444444444445,1
Female,No,0,Not Graduate,No,4408,0.0,120.0,30.0,1.0,Semiurban,Y,Medium,4408.0,Average,4.0,333.3333333333333,1
Female,No,0,Graduate,No,3244,0.0,80.0,30.0,1.0,Urban,Y,Average,3244.0,Average,2.6666666666666665,222.2222222222222,1
Male,No,0,Not Graduate,No,3975,2531.0,55.0,30.0,1.0,Rural,Y,Average,6506.0,High,1.8333333333333333,152.77777777777777,1
Male,No,0,Graduate,No,2479,0.0,59.0,30.0,1.0,Urban,Y,Low,2479.0,Low,1.9666666666666666,163.88888888888889,1
Male,No,0,Graduate,No,3418,0.0,127.0,30.0,1.0,Semiurban,N,Average,3418.0,Average,4.233333333333333,352.77777777777777,1
Female,No,0,Graduate,No,10000,0.0,214.0,30.0,1.0,Semiurban,N,H2,10000.0,Very High,7.133333333333334,594.4444444444445,1
Male,Yes,3+,Graduate,No,3430,1250.0,128.0,30.0,0.0,Semiurban,N,Average,4680.0,Average,4.266666666666667,355.5555555555556,1
Male,Yes,1,Graduate,Yes,7787,0.0,240.0,30.0,1.0,Urban,Y,H1,7787.0,High,8.0,666.6666666666666,1
Male,Yes,3+,Not Graduate,Yes,5703,0.0,130.0,30.0,1.0,Rural,Y,Medium,5703.0,High,4.333333333333333,361.1111111111111,1
Male,Yes,0,Graduate,No,3173,3021.0,137.0,30.0,1.0,Urban,Y,Average,6194.0,High,4.566666666666666,380.5555555555555,1
Male,Yes,3+,Not Graduate,No,3850,983.0,100.0,30.0,1.0,Semiurban,Y,Average,4833.0,Average,3.3333333333333335,277.77777777777777,1
Male,Yes,0,Graduate,No,150,1800.0,135.0,30.0,1.0,Rural,N,Low,1950.0,Low,4.5,375.0,1
Male,Yes,0,Graduate,No,3727,1775.0,131.0,30.0,1.0,Semiurban,Y,Average,5502.0,High,4.366666666666666,363.88888888888886,1
Male,Yes,2,Graduate,,5000,0.0,72.0,30.0,0.0,Semiurban,N,Medium,5000.0,Average,2.4,200.0,1
Female,Yes,2,Graduate,No,4283,2383.0,127.0,30.0,,Semiurban,Y,Medium,6666.0,High,4.233333333333333,352.77777777777777,1
Male,Yes,0,Graduate,No,2221,0.0,60.0,30.0,0.0,Urban,N,Low,2221.0,Low,2.0,166.66666666666666,1
Male,Yes,2,Graduate,No,4009,1717.0,116.0,30.0,1.0,Semiurban,Y,Medium,5726.0,High,3.8666666666666667,322.22222222222223,1
Male,No,0,Graduate,No,2971,2791.0,144.0,30.0,1.0,Semiurban,Y,Average,5762.0,High,4.8,400.0,1
Male,Yes,0,Graduate,No,7578,1010.0,175.0,,1.0,Semiurban,Y,H1,8588.0,Very High,,,0
Male,Yes,0,Graduate,No,6250,0.0,128.0,30.0,1.0,Semiurban,Y,H1,6250.0,High,4.266666666666667,355.5555555555556,1
Male,Yes,0,Graduate,No,3250,0.0,170.0,30.0,1.0,Rural,N,Average,3250.0,Average,5.666666666666667,472.22222222222223,1
Male,Yes,,Not Graduate,Yes,4735,0.0,138.0,30.0,1.0,Urban,N,Medium,4735.0,Average,4.6,383.3333333333333,1
Male,Yes,2,Graduate,No,6250,1695.0,210.0,30.0,1.0,Semiurban,Y,H1,7945.0,High,7.0,583.3333333333334,1
Male,,,Graduate,No,4758,0.0,158.0,40.0,1.0,Semiurban,Y,Medium,4758.0,Average,3.95,329.1666666666667,1
Male,No,0,Graduate,Yes,6400,0.0,200.0,30.0,1.0,Rural,Y,H1,6400.0,High,6.666666666666667,555.5555555555555,1
Male,Yes,1,Graduate,No,2491,2054.0,104.0,30.0,1.0,Semiurban,Y,Low,4545.0,Average,3.466666666666667,288.8888888888889,1
Male,Yes,0,Graduate,,3716,0.0,42.0,15.0,1.0,Rural,Y,Average,3716.0,Average,2.8,233.33333333333334,1
Male,No,0,Not Graduate,No,3189,2598.0,120.0,,1.0,Rural,Y,Average,5787.0,High,,,0
Female,No,0,Graduate,No,8333,0.0,280.0,30.0,1.0,Semiurban,Y,H2,8333.0,Very High,9.333333333333334,777.7777777777778,1
Male,Yes,1,Graduate,No,3155,1779.0,140.0,30.0,1.0,Semiurban,Y,Average,4934.0,Average,4.666666666666667,388.8888888888889,1
Male,Yes,1,Graduate,No,5500,1260.0,170.0,30.0,1.0,Rural,Y,Medium,6760.0,High,5.666666666666667,472.22222222222223,1
Male,Yes,0,Graduate,,5746,0.0,255.0,30.0,,Urban,N,Medium,5746.0,High,8.5,708.3333333333334,1
Female,No,0,Graduate,Yes,3463,0.0,122.0,30.0,,Urban,Y,Average,3463.0,Average,4.066666666666666,338.88888888888886,1
Female,No,1,Graduate,No,3812,0.0,112.0,30.0,1.0,Rural,Y,Average,3812.0,Average,3.7333333333333334,311.11111111111114,1
Male,Yes,1,Graduate,No,3315,0.0,96.0,30.0,1.0,Semiurban,Y,Average,3315.0,Average,3.2,266.6666666666667,1
Male,Yes,2,Graduate,No,5819,5000.0,120.0,30.0,1.0,Rural,Y,Medium,10819.0,Very High,4.0,333.3333333333333,1
Male,Yes,1,Not Graduate,No,2510,1983.0,140.0,15.0,1.0,Urban,N,Average,4493.0,Average,9.333333333333334,777.7777777777778,1
Male,No,0,Graduate,No,2965,5701.0,155.0,5.0,1.0,Urban,Y,Average,8666.0,Very High,31.0,2583.3333333333335,1
Male,Yes,2,Graduate,Yes,6250,1300.0,108.0,30.0,1.0,Rural,Y,H1,7550.0,High,3.6,300.0,1
Male,Yes,0,Not Graduate,No,3406,4417.0,123.0,30.0,1.0,Semiurban,Y,Average,7823.0,High,4.1,341.6666666666667,1
Male,No,0,Graduate,Yes,6050,4333.0,120.0,15.0,1.0,Urban,N,H1,10383.0,Very High,8.0,666.6666666666666,1
Male,Yes,2,Graduate,No,9703,0.0,112.0,30.0,1.0,Urban,Y,H2,9703.0,Very High,3.7333333333333334,311.11111111111114,1
Male,Yes,1,Not Graduate,No,6608,0.0,137.0,15.0,1.0,Urban,Y,H1,6608.0,High,9.133333333333333,761.111111111111,1
Male,Yes,1,Graduate,No,2882,1843.0,123.0,40.0,1.0,Semiurban,Y,Average,4725.0,Average,3.075,256.25,1
Male,Yes,0,Graduate,No,1809,1868.0,90.0,30.0,1.0,Urban,Y,Low,3677.0,Average,3.0,250.0,1
Male,Yes,0,Not Graduate,No,1668,3890.0,201.0,30.0,0.0,Semiurban,N,Low,5558.0,High,6.7,558.3333333333334,1
Female,No,2,Graduate,No,3427,0.0,138.0,30.0,1.0,Urban,N,Average,3427.0,Average,4.6,383.3333333333333,1
Male,No,0,Not Graduate,Yes,2583,2167.0,104.0,30.0,1.0,Rural,Y,Average,4750.0,Average,3.466666666666667,288.8888888888889,1
Male,Yes,1,Not Graduate,No,2661,7101.0,279.0,15.0,1.0,Semiurban,Y,Average,9762.0,Very High,18.6,1550.0,1
Male,No,0,Graduate,Yes,16250,0.0,192.0,30.0,0.0,Urban,N,H3,16250.0,Very High,6.4,533.3333333333334,1
Female,No,3+,Graduate,No,3083,0.0,255.0,30.0,1.0,Rural,Y,Average,3083.0,Average,8.5,708.3333333333334,1
Male,No,0,Not Graduate,No,6045,0.0,115.0,30.0,0.0,Rural,N,H1,6045.0,High,3.8333333333333335,319.44444444444446,1
Male,Yes,3+,Graduate,No,5250,0.0,94.0,30.0,1.0,Urban,N,Medium,5250.0,High,3.1333333333333333,261.11111111111114,1
Male,Yes,0,Graduate,No,14683,2100.0,304.0,30.0,1.0,Rural,N,H3,16783.0,Very High,10.133333333333333,844.4444444444443,1
Male,Yes,3+,Not Graduate,No,4931,0.0,128.0,30.0,,Semiurban,N,Medium,4931.0,Average,4.266666666666667,355.5555555555556,1
Male,Yes,1,Graduate,No,6083,4250.0,330.0,30.0,,Urban,Y,H1,10333.0,Very High,11.0,916.6666666666666,1
Male,No,0,Graduate,No,2060,2209.0,134.0,30.0,1.0,Semiurban,Y,Low,4269.0,Average,4.466666666666667,372.22222222222223,1
Female,No,1,Graduate,No,3481,0.0,155.0,3.0,1.0,Semiurban,N,Average,3481.0,Average,51.666666666666664,4305.555555555556,0
Female,No,0,Graduate,No,7200,0.0,120.0,30.0,1.0,Rural,Y,H1,7200.0,High,4.0,333.3333333333333,1
Male,No,0,Graduate,Yes,5166,0.0,128.0,30.0,1.0,Semiurban,Y,Medium,5166.0,High,4.266666666666667,355.5555555555556,1
Male,No,0,Graduate,No,4095,3447.0,151.0,30.0,1.0,Rural,Y,Medium,7542.0,High,5.033333333333333,419.4444444444444,1
Male,Yes,2,Graduate,No,4708,1387.0,150.0,30.0,1.0,Semiurban,Y,Medium,6095.0,High,5.0,416.6666666666667,1
Male,Yes,3+,Graduate,No,4333,1811.0,160.0,30.0,0.0,Urban,Y,Medium,6144.0,High,5.333333333333333,444.4444444444444,1
Female,No,0,Graduate,,3418,0.0,135.0,30.0,1.0,Rural,N,Average,3418.0,Average,4.5,375.0,1
Female,No,1,Graduate,No,2876,1560.0,90.0,30.0,1.0,Urban,Y,Average,4436.0,Average,3.0,250.0,1
Female,No,0,Graduate,No,3237,0.0,30.0,30.0,1.0,Urban,Y,Average,3237.0,Average,1.0,83.33333333333333,1
Male,Yes,0,Graduate,No,11146,0.0,136.0,30.0,1.0,Urban,Y,H3,11146.0,Very High,4.533333333333333,377.77777777777777,1
Male,No,0,Graduate,No,2833,1857.0,126.0,30.0,1.0,Rural,Y,Average,4690.0,Average,4.2,350.0,1
Male,Yes,0,Graduate,No,2620,2223.0,150.0,30.0,1.0,Semiurban,Y,Average,4843.0,Average,5.0,416.6666666666667,1
Male,Yes,2,Graduate,No,3900,0.0,90.0,30.0,1.0,Semiurban,Y,Average,3900.0,Average,3.0,250.0,1
Male,Yes,1,Graduate,No,2750,1842.0,115.0,30.0,1.0,Semiurban,Y,Average,4592.0,Average,3.8333333333333335,319.44444444444446,1
Male,Yes,0,Graduate,No,3993,3274.0,207.0,30.0,1.0,Semiurban,Y,Average,7267.0,High,6.9,575.0,1
Male,Yes,0,Graduate,No,3103,1300.0,80.0,30.0,1.0,Urban,Y,Average,4403.0,Average,2.6666666666666665,222.2222222222222,1
Male,Yes,0,Graduate,No,14583,0.0,436.0,30.0,1.0,Semiurban,Y,H3,14583.0,Very High,14.533333333333333,1211.111111111111,1
Female,Yes,0,Not Graduate,No,4100,0.0,124.0,30.0,,Rural,Y,Medium,4100.0,Average,4.133333333333334,344.4444444444445,1
Male,No,1,Not Graduate,Yes,4053,2426.0,158.0,30.0,0.0,Urban,N,Medium,6479.0,High,5.266666666666667,438.8888888888889,1
Male,Yes,0,Graduate,No,3927,800.0,112.0,30.0,1.0,Semiurban,Y,Average,4727.0,Average,3.7333333333333334,311.11111111111114,1
Male,Yes,2,Graduate,No,2301,985.7999878,78.0,15.0,1.0,Urban,Y,Low,3286.7999878,Average,5.2,433.3333333333333,1
Female,No,0,Graduate,No,1811,1666.0,54.0,30.0,1.0,Urban,Y,Low,3477.0,Average,1.8,150.0,1
Male,Yes,0,Graduate,No,20667,0.0,,30.0,1.0,Rural,N,H4,20667.0,Very High,,,0
Male,No,0,Graduate,No,3158,3053.0,89.0,30.0,1.0,Rural,Y,Average,6211.0,High,2.966666666666667,247.22222222222226,1
Female,No,0,Graduate,Yes,2600,1717.0,99.0,25.0,1.0,Semiurban,N,Average,4317.0,Average,3.96,330.0,1
Male,Yes,0,Graduate,No,3704,2000.0,120.0,30.0,1.0,Rural,Y,Average,5704.0,High,4.0,333.3333333333333,1
Female,No,0,Graduate,No,4124,0.0,115.0,30.0,1.0,Semiurban,Y,Medium,4124.0,Average,3.8333333333333335,319.44444444444446,1
Male,No,0,Graduate,No,9508,0.0,187.0,30.0,1.0,Rural,Y,H2,9508.0,Very High,6.233333333333333,519.4444444444445,1
Male,Yes,0,Graduate,No,3075,2416.0,139.0,30.0,1.0,Rural,Y,Average,5491.0,High,4.633333333333334,386.11111111111114,1
Male,Yes,2,Graduate,No,4400,0.0,127.0,30.0,0.0,Semiurban,N,Medium,4400.0,Average,4.233333333333333,352.77777777777777,1
Male,Yes,2,Graduate,No,3153,1560.0,134.0,30.0,1.0,Urban,Y,Average,4713.0,Average,4.466666666666667,372.22222222222223,1
Female,No,,Graduate,No,5417,0.0,143.0,40.0,0.0,Urban,N,Medium,5417.0,High,3.575,297.9166666666667,1
Male,Yes,0,Graduate,No,2383,3334.0,172.0,30.0,1.0,Semiurban,Y,Low,5717.0,High,5.733333333333333,477.77777777777777,1
Male,Yes,3+,Graduate,,4416,1250.0,110.0,30.0,1.0,Urban,Y,Medium,5666.0,High,3.6666666666666665,305.55555555555554,1
Male,Yes,1,Graduate,No,6875,0.0,200.0,30.0,1.0,Semiurban,Y,H1,6875.0,High,6.666666666666667,555.5555555555555,1
Female,Yes,1,Graduate,No,4666,0.0,135.0,30.0,1.0,Urban,Y,Medium,4666.0,Average,4.5,375.0,1
Female,No,0,Graduate,No,5000,2541.0,151.0,40.0,1.0,Rural,N,Medium,7541.0,High,3.775,314.5833333333333,1
Male,Yes,1,Graduate,No,2014,2925.0,113.0,30.0,1.0,Urban,N,Low,4939.0,Average,3.7666666666666666,313.88888888888886,1
Male,Yes,0,Not Graduate,No,1800,2934.0,93.0,30.0,0.0,Urban,N,Low,4734.0,Average,3.1,258.3333333333333,1
Male,Yes,,Not Graduate,No,2875,1750.0,105.0,30.0,1.0,Semiurban,Y,Average,4625.0,Average,3.5,291.6666666666667,1
Female,No,0,Graduate,No,5000,0.0,132.0,30.0,1.0,Rural,Y,Medium,5000.0,Average,4.4,366.6666666666667,1
Male,Yes,1,Graduate,No,1625,1803.0,96.0,30.0,1.0,Urban,Y,Low,3428.0,Average,3.2,266.6666666666667,1
Male,No,0,Graduate,No,4000,2500.0,140.0,30.0,1.0,Rural,Y,Average,6500.0,High,4.666666666666667,388.8888888888889,1
Male,No,0,Not Graduate,No,2000,0.0,,30.0,1.0,Urban,N,Low,2000.0,Low,,,0
Female,No,0,Graduate,No,3762,1666.0,135.0,30.0,1.0,Rural,Y,Average,5428.0,High,4.5,375.0,1
Female,No,0,Graduate,No,2400,1863.0,104.0,30.0,0.0,Urban,N,Low,4263.0,Average,3.466666666666667,288.8888888888889,1
Male,No,0,Graduate,No,20233,0.0,480.0,30.0,1.0,Rural,N,H4,20233.0,Very High,16.0,1333.3333333333333,1
Male,Yes,2,Not Graduate,No,7667,0.0,185.0,30.0,,Rural,Y,H1,7667.0,High,6.166666666666667,513.8888888888889,1
Female,No,0,Graduate,No,2917,0.0,84.0,30.0,1.0,Semiurban,Y,Average,2917.0,Low,2.8,233.33333333333334,1
Male,No,0,Not Graduate,No,2927,2405.0,111.0,30.0,1.0,Semiurban,Y,Average,5332.0,High,3.7,308.3333333333333,1
Female,No,0,Graduate,No,2507,0.0,56.0,30.0,1.0,Rural,Y,Average,2507.0,Low,1.8666666666666667,155.55555555555557,1
Male,Yes,2,Graduate,Yes,5746,0.0,144.0,7.0,,Rural,Y,Medium,5746.0,High,20.571428571428573,1714.2857142857144,1
,Yes,0,Graduate,No,2473,1843.0,159.0,30.0,1.0,Rural,N,Low,4316.0,Average,5.3,441.6666666666667,1
Male,Yes,1,Not Graduate,No,3399,1640.0,111.0,15.0,1.0,Urban,Y,Average,5039.0,High,7.4,616.6666666666666,1
Male,Yes,2,Graduate,No,3717,0.0,120.0,30.0,1.0,Semiurban,Y,Average,3717.0,Average,4.0,333.3333333333333,1
Male,Yes,0,Graduate,No,2058,2134.0,88.0,30.0,,Urban,Y,Low,4192.0,Average,2.933333333333333,244.44444444444443,1
Female,No,1,Graduate,No,3541,0.0,112.0,30.0,,Semiurban,Y,Average,3541.0,Average,3.7333333333333334,311.11111111111114,1
Male,Yes,1,Graduate,Yes,10000,0.0,155.0,30.0,1.0,Rural,N,H2,10000.0,Very High,5.166666666666667,430.5555555555556,1
Male,Yes,0,Graduate,No,2400,2167.0,115.0,30.0,1.0,Semiurban,Y,Low,4567.0,Average,3.8333333333333335,319.44444444444446,1
Male,Yes,3+,Graduate,No,4342,189.0,124.0,30.0,1.0,Semiurban,Y,Medium,4531.0,Average,4.133333333333334,344.4444444444445,1
Male,Yes,2,Not Graduate,No,3601,1590.0,,30.0,1.0,Rural,Y,Average,5191.0,High,,,0
Female,No,0,Graduate,No,3166,2985.0,132.0,30.0,,Rural,Y,Average,6151.0,High,4.4,366.6666666666667,1
Male,Yes,3+,Graduate,No,15000,0.0,300.0,30.0,1.0,Rural,Y,H3,15000.0,Very High,10.0,833.3333333333334,1
Male,Yes,1,Graduate,Yes,8666,4983.0,376.0,30.0,0.0,Rural,N,H2,13649.0,Very High,12.533333333333333,1044.4444444444446,1
Male,No,0,Graduate,No,4917,0.0,130.0,30.0,0.0,Rural,Y,Medium,4917.0,Average,4.333333333333333,361.1111111111111,1
Male,Yes,0,Graduate,Yes,5818,2160.0,184.0,30.0,1.0,Semiurban,Y,Medium,7978.0,High,6.133333333333334,511.11111111111114,1
Female,Yes,0,Graduate,No,4333,2451.0,110.0,30.0,1.0,Urban,N,Medium,6784.0,High,3.6666666666666665,305.55555555555554,1
Female,No,0,Graduate,No,2500,0.0,67.0,30.0,1.0,Urban,Y,Low,2500.0,Low,2.2333333333333334,186.11111111111111,1
Male,No,1,Graduate,No,4384,1793.0,117.0,30.0,1.0,Urban,Y,Medium,6177.0,High,3.9,325.0,1
Male,No,0,Graduate,No,2935,0.0,98.0,30.0,1.0,Semiurban,Y,Average,2935.0,Low,3.2666666666666666,272.22222222222223,1
Male,No,,Graduate,No,2833,0.0,71.0,30.0,1.0,Urban,Y,Average,2833.0,Low,2.3666666666666667,197.2222222222222,1
Male,Yes,0,Graduate,,63337,0.0,490.0,15.0,1.0,Urban,Y,Very High,63337.0,Very High,32.666666666666664,2722.222222222222,1
,Yes,1,Graduate,Yes,9833,1833.0,182.0,15.0,1.0,Urban,Y,H2,11666.0,Very High,12.133333333333333,1011.111111111111,1
Male,Yes,,Graduate,Yes,5503,4490.0,70.0,,1.0,Semiurban,Y,Medium,9993.0,Very High,,,0
Male,Yes,1,Graduate,,5250,688.0,160.0,30.0,1.0,Rural,Y,Medium,5938.0,High,5.333333333333333,444.4444444444444,1
Male,Yes,2,Graduate,Yes,2500,4600.0,176.0,30.0,1.0,Rural,Y,Low,7100.0,High,5.866666666666666,488.88888888888886,1
Female,No,3+,Not Graduate,No,1830,0.0,,30.0,0.0,Urban,N,Low,1830.0,Low,,,0
Female,No,0,Graduate,No,4160,0.0,71.0,30.0,1.0,Semiurban,Y,Medium,4160.0,Average,2.3666666666666667,197.2222222222222,1
Male,Yes,3+,Not Graduate,No,2647,1587.0,173.0,30.0,1.0,Rural,N,Average,4234.0,Average,5.766666666666667,480.5555555555556,1
Female,No,0,Graduate,No,2378,0.0,46.0,30.0,1.0,Rural,N,Low,2378.0,Low,1.5333333333333334,127.77777777777779,1
Male,Yes,1,Not Graduate,No,4554,1229.0,158.0,30.0,1.0,Urban,Y,Medium,5783.0,High,5.266666666666667,438.8888888888889,1
Male,Yes,3+,Not Graduate,No,3173,0.0,74.0,30.0,1.0,Semiurban,Y,Average,3173.0,Average,2.466666666666667,205.55555555555557,1
Male,Yes,2,Graduate,,2583,2330.0,125.0,30.0,1.0,Rural,Y,Average,4913.0,Average,4.166666666666667,347.22222222222223,1
Male,Yes,0,Graduate,No,2499,2458.0,160.0,30.0,1.0,Semiurban,Y,Low,4957.0,Average,5.333333333333333,444.4444444444444,1
Male,Yes,,Not Graduate,No,3523,3230.0,152.0,30.0,0.0,Rural,N,Average,6753.0,High,5.066666666666666,422.2222222222222,1
Male,Yes,2,Not Graduate,No,3083,2168.0,126.0,30.0,1.0,Urban,Y,Average,5251.0,High,4.2,350.0,1
Male,Yes,0,Graduate,No,6333,4583.0,259.0,30.0,,Semiurban,Y,H1,10916.0,Very High,8.633333333333333,719.4444444444443,1
Male,Yes,0,Graduate,No,2625,6250.0,187.0,30.0,1.0,Rural,Y,Average,8875.0,Very High,6.233333333333333,519.4444444444445,1
Male,Yes,0,Graduate,No,9083,0.0,228.0,30.0,1.0,Semiurban,Y,H2,9083.0,Very High,7.6,633.3333333333334,1
Male,No,0,Graduate,No,8750,4167.0,308.0,30.0,1.0,Rural,N,H2,12917.0,Very High,10.266666666666667,855.5555555555557,1
Male,Yes,3+,Graduate,No,2666,2083.0,95.0,30.0,1.0,Rural,Y,Average,4749.0,Average,3.1666666666666665,263.88888888888886,1
Female,Yes,0,Graduate,Yes,5500,0.0,105.0,30.0,0.0,Rural,N,Medium,5500.0,High,3.5,291.6666666666667,1
Female,Yes,0,Graduate,No,2423,505.0,130.0,30.0,1.0,Semiurban,Y,Low,2928.0,Low,4.333333333333333,361.1111111111111,1
Female,No,,Graduate,No,3813,0.0,116.0,15.0,1.0,Urban,Y,Average,3813.0,Average,7.733333333333333,644.4444444444445,1
Male,Yes,2,Graduate,No,8333,3167.0,165.0,30.0,1.0,Rural,Y,H2,11500.0,Very High,5.5,458.3333333333333,1
Male,Yes,1,Graduate,No,3875,0.0,67.0,30.0,1.0,Urban,N,Average,3875.0,Average,2.2333333333333334,186.11111111111111,1
Male,Yes,0,Not Graduate,No,3000,1666.0,100.0,40.0,0.0,Urban,N,Average,4666.0,Average,2.5,208.33333333333334,1
Male,Yes,3+,Graduate,No,5167,3167.0,200.0,30.0,1.0,Semiurban,Y,Medium,8334.0,Very High,6.666666666666667,555.5555555555555,1
Female,No,1,Graduate,No,4723,0.0,81.0,30.0,1.0,Semiurban,N,Medium,4723.0,Average,2.7,225.0,1
Male,Yes,2,Graduate,No,5000,3667.0,236.0,30.0,1.0,Semiurban,Y,Medium,8667.0,Very High,7.866666666666666,655.5555555555555,1
Male,Yes,0,Graduate,No,4750,2333.0,130.0,30.0,1.0,Urban,Y,Medium,7083.0,High,4.333333333333333,361.1111111111111,1
Male,Yes,0,Graduate,No,3013,3033.0,95.0,25.0,,Urban,Y,Average,6046.0,High,3.8,316.6666666666667,1
Male,No,0,Graduate,Yes,6822,0.0,141.0,30.0,1.0,Rural,Y,H1,6822.0,High,4.7,391.6666666666667,1
Male,No,0,Not Graduate,No,6216,0.0,133.0,30.0,1.0,Rural,N,H1,6216.0,High,4.433333333333334,369.4444444444445,1
Male,No,0,Graduate,No,2500,0.0,96.0,40.0,1.0,Semiurban,N,Low,2500.0,Low,2.4,200.0,1
Male,No,0,Graduate,No,5124,0.0,124.0,,0.0,Rural,N,Medium,5124.0,High,,,0
Male,Yes,1,Graduate,No,6325,0.0,175.0,30.0,1.0,Semiurban,Y,H1,6325.0,High,5.833333333333333,486.1111111111111,1
Male,Yes,0,Graduate,No,19730,5266.0,570.0,30.0,1.0,Rural,N,H3,24996.0,Very High,19.0,1583.3333333333333,1
Female,No,0,Graduate,Yes,15759,0.0,55.0,30.0,1.0,Semiurban,Y,H3,15759.0,Very High,1.8333333333333333,152.77777777777777,1
Male,Yes,2,Graduate,No,5185,0.0,155.0,30.0,1.0,Semiurban,Y,Medium,5185.0,High,5.166666666666667,430.5555555555556,1
Male,Yes,2,Graduate,Yes,9323,7873.0,380.0,25.0,1.0,Rural,Y,H2,17196.0,Very High,15.2,1266.6666666666667,1
Male,No,1,Graduate,No,3062,1987.0,111.0,15.0,0.0,Urban,N,Average,5049.0,High,7.4,616.6666666666666,1
Female,No,0,Graduate,,2764,1459.0,110.0,30.0,1.0,Urban,Y,Average,4223.0,Average,3.6666666666666665,305.55555555555554,1
Male,Yes,0,Graduate,No,4817,923.0,120.0,15.0,1.0,Urban,Y,Medium,5740.0,High,8.0,666.6666666666666,1
Male,Yes,3+,Graduate,No,8750,4996.0,130.0,30.0,1.0,Rural,Y,H2,13746.0,Very High,4.333333333333333,361.1111111111111,1
Male,Yes,0,Graduate,No,4310,0.0,130.0,30.0,,Semiurban,Y,Medium,4310.0,Average,4.333333333333333,361.1111111111111,1
Male,No,0,Graduate,No,3069,0.0,71.0,40.0,1.0,Urban,N,Average,3069.0,Average,1.775,147.91666666666666,1
Male,Yes,2,Graduate,No,5391,0.0,130.0,30.0,1.0,Urban,Y,Medium,5391.0,High,4.333333333333333,361.1111111111111,1
Male,Yes,0,Graduate,,3333,2500.0,128.0,30.0,1.0,Semiurban,Y,Average,5833.0,High,4.266666666666667,355.5555555555556,1
Male,No,0,Graduate,No,5941,4232.0,296.0,30.0,1.0,Semiurban,Y,Medium,10173.0,Very High,9.866666666666667,822.2222222222223,1
Female,No,0,Graduate,No,6000,0.0,156.0,30.0,1.0,Urban,Y,Medium,6000.0,High,5.2,433.3333333333333,1
Male,No,0,Graduate,Yes,7167,0.0,128.0,30.0,1.0,Urban,Y,H1,7167.0,High,4.266666666666667,355.5555555555556,1
Male,Yes,2,Graduate,No,4566,0.0,100.0,30.0,1.0,Urban,N,Medium,4566.0,Average,3.3333333333333335,277.77777777777777,1
Male,No,1,Graduate,,3667,0.0,113.0,15.0,1.0,Urban,Y,Average,3667.0,Average,7.533333333333333,627.7777777777777,1
Male,No,0,Not Graduate,No,2346,1600.0,132.0,30.0,1.0,Semiurban,Y,Low,3946.0,Average,4.4,366.6666666666667,1
Male,Yes,0,Not Graduate,No,3010,3136.0,,30.0,0.0,Urban,N,Average,6146.0,High,,,0
Male,Yes,0,Graduate,No,2333,2417.0,136.0,30.0,1.0,Urban,Y,Low,4750.0,Average,4.533333333333333,377.77777777777777,1
Male,Yes,0,Graduate,No,5488,0.0,125.0,30.0,1.0,Rural,Y,Medium,5488.0,High,4.166666666666667,347.22222222222223,1
Male,No,3+,Graduate,No,9167,0.0,185.0,30.0,1.0,Rural,Y,H2,9167.0,Very High,6.166666666666667,513.8888888888889,1
Male,Yes,3+,Graduate,No,9504,0.0,275.0,30.0,1.0,Rural,Y,H2,9504.0,Very High,9.166666666666666,763.8888888888888,1
Male,Yes,0,Graduate,No,2583,2115.0,120.0,30.0,,Urban,Y,Average,4698.0,Average,4.0,333.3333333333333,1
Male,Yes,2,Not Graduate,No,1993,1625.0,113.0,15.0,1.0,Semiurban,Y,Low,3618.0,Average,7.533333333333333,627.7777777777777,1
Male,Yes,2,Graduate,No,3100,1400.0,113.0,30.0,1.0,Urban,Y,Average,4500.0,Average,3.7666666666666666,313.88888888888886,1
Male,Yes,2,Graduate,No,3276,484.0,135.0,30.0,,Semiurban,Y,Average,3760.0,Average,4.5,375.0,1
Female,No,0,Graduate,No,3180,0.0,71.0,30.0,0.0,Urban,N,Average,3180.0,Average,2.3666666666666667,197.2222222222222,1
Male,Yes,0,Graduate,No,3033,1459.0,95.0,30.0,1.0,Urban,Y,Average,4492.0,Average,3.1666666666666665,263.88888888888886,1
Male,No,0,Not Graduate,No,3902,1666.0,109.0,30.0,1.0,Rural,Y,Average,5568.0,High,3.6333333333333333,302.77777777777777,1
Female,No,0,Graduate,No,1500,1800.0,103.0,30.0,0.0,Semiurban,N,Low,3300.0,Average,3.433333333333333,286.1111111111111,1
Male,Yes,2,Not Graduate,No,2889,0.0,45.0,15.0,0.0,Urban,N,Average,2889.0,Low,3.0,250.0,1
Male,No,0,Not Graduate,No,2755,0.0,65.0,25.0,1.0,Rural,N,Average,2755.0,Low,2.6,216.66666666666666,1
Male,No,0,Graduate,No,2500,20000.0,103.0,30.0,1.0,Semiurban,Y,Low,22500.0,Very High,3.433333333333333,286.1111111111111,1
Female,No,0,Not Graduate,No,1963,0.0,53.0,30.0,1.0,Semiurban,Y,Low,1963.0,Low,1.7666666666666666,147.2222222222222,1
Female,No,0,Graduate,Yes,7441,0.0,194.0,30.0,1.0,Rural,N,H1,7441.0,High,6.466666666666667,538.8888888888889,1
Female,No,0,Graduate,No,4547,0.0,115.0,30.0,1.0,Semiurban,Y,Medium,4547.0,Average,3.8333333333333335,319.44444444444446,1
Male,Yes,0,Not Graduate,No,2167,2400.0,115.0,30.0,1.0,Urban,Y,Low,4567.0,Average,3.8333333333333335,319.44444444444446,1
Female,No,0,Not Graduate,No,2213,0.0,66.0,30.0,1.0,Rural,Y,Low,2213.0,Low,2.2,183.33333333333334,1
Male,Yes,1,Graduate,No,8300,0.0,152.0,25.0,0.0,Semiurban,N,H2,8300.0,Very High,6.08,506.6666666666667,1
Male,Yes,3+,Graduate,No,81000,0.0,360.0,30.0,0.0,Rural,N,Very High,81000.0,Very High,12.0,1000.0,1
Female,No,1,Not Graduate,Yes,3867,0.0,62.0,30.0,1.0,Semiurban,N,Average,3867.0,Average,2.066666666666667,172.22222222222226,1
Male,Yes,0,Graduate,,6256,0.0,160.0,30.0,,Urban,Y,H1,6256.0,High,5.333333333333333,444.4444444444444,1
Male,Yes,0,Not Graduate,No,6096,0.0,218.0,30.0,0.0,Rural,N,H1,6096.0,High,7.266666666666667,605.5555555555555,1
Male,Yes,0,Not Graduate,No,2253,2033.0,110.0,30.0,1.0,Rural,Y,Low,4286.0,Average,3.6666666666666665,305.55555555555554,1
Female,Yes,0,Not Graduate,No,2149,3237.0,178.0,30.0,0.0,Semiurban,N,Low,5386.0,High,5.933333333333334,494.4444444444445,1
Female,No,0,Graduate,No,2995,0.0,60.0,30.0,1.0,Urban,Y,Average,2995.0,Low,2.0,166.66666666666666,1
Female,No,1,Graduate,No,2600,0.0,160.0,30.0,1.0,Urban,N,Average,2600.0,Low,5.333333333333333,444.4444444444444,1
Male,Yes,2,Graduate,Yes,1600,20000.0,239.0,30.0,1.0,Urban,N,Low,21600.0,Very High,7.966666666666667,663.8888888888889,1
Male,Yes,0,Graduate,No,1025,2773.0,112.0,30.0,1.0,Rural,Y,Low,3798.0,Average,3.7333333333333334,311.11111111111114,1
Male,Yes,0,Graduate,No,3246,1417.0,138.0,30.0,1.0,Semiurban,Y,Average,4663.0,Average,4.6,383.3333333333333,1
Male,Yes,0,Graduate,No,5829,0.0,138.0,30.0,1.0,Rural,Y,Medium,5829.0,High,4.6,383.3333333333333,1
Female,No,0,Not Graduate,No,2720,0.0,80.0,,0.0,Urban,N,Average,2720.0,Low,,,0
Male,Yes,0,Graduate,No,1820,1719.0,100.0,30.0,1.0,Urban,Y,Low,3539.0,Average,3.3333333333333335,277.77777777777777,1
Male,Yes,1,Graduate,No,7250,1667.0,110.0,,0.0,Urban,N,H1,8917.0,Very High,,,0
Male,Yes,0,Graduate,No,14880,0.0,96.0,30.0,1.0,Semiurban,Y,H3,14880.0,Very High,3.2,266.6666666666667,1
Male,Yes,0,Graduate,No,2666,4300.0,121.0,30.0,1.0,Rural,Y,Average,6966.0,High,4.033333333333333,336.1111111111111,1
Female,No,1,Not Graduate,No,4606,0.0,81.0,30.0,1.0,Rural,N,Medium,4606.0,Average,2.7,225.0,1
Male,Yes,2,Graduate,No,5935,0.0,133.0,30.0,1.0,Semiurban,Y,Medium,5935.0,High,4.433333333333334,369.4444444444445,1
Male,Yes,0,Graduate,No,2920,16.12000084,87.0,30.0,1.0,Rural,Y,Average,2936.12000084,Low,2.9,241.66666666666666,1
Male,No,0,Not Graduate,No,2717,0.0,60.0,15.0,1.0,Urban,Y,Average,2717.0,Low,4.0,333.3333333333333,1
Female,No,1,Graduate,Yes,8624,0.0,150.0,30.0,1.0,Semiurban,Y,H2,8624.0,Very High,5.0,416.6666666666667,1
Male,No,0,Graduate,No,6500,0.0,105.0,30.0,0.0,Rural,N,H1,6500.0,High,3.5,291.6666666666667,1
Male,No,0,Graduate,,12876,0.0,405.0,30.0,1.0,Semiurban,Y,H3,12876.0,Very High,13.5,1125.0,1
Male,Yes,0,Graduate,No,2425,2340.0,143.0,30.0,1.0,Semiurban,Y,Low,4765.0,Average,4.766666666666667,397.22222222222223,1
Male,No,0,Graduate,No,3750,0.0,100.0,30.0,1.0,Urban,Y,Average,3750.0,Average,3.3333333333333335,277.77777777777777,1
Female,,,Graduate,No,10047,0.0,,20.0,1.0,Semiurban,Y,H3,10047.0,Very High,,,0
Male,No,0,Graduate,No,1926,1851.0,50.0,30.0,1.0,Semiurban,Y,Low,3777.0,Average,1.6666666666666667,138.88888888888889,1
Male,Yes,0,Graduate,No,2213,1125.0,,30.0,1.0,Urban,Y,Low,3338.0,Average,,,0
Male,No,0,Graduate,Yes,10416,0.0,187.0,30.0,0.0,Urban,N,H3,10416.0,Very High,6.233333333333333,519.4444444444445,1
Female,Yes,0,Not Graduate,Yes,7142,0.0,138.0,30.0,1.0,Rural,Y,H1,7142.0,High,4.6,383.3333333333333,1
Male,No,0,Graduate,No,3660,5064.0,187.0,30.0,1.0,Semiurban,Y,Average,8724.0,Very High,6.233333333333333,519.4444444444445,1
Male,Yes,0,Graduate,No,7901,1833.0,180.0,30.0,1.0,Rural,Y,H1,9734.0,Very High,6.0,500.0,1
Male,No,3+,Not Graduate,No,4707,1993.0,148.0,30.0,1.0,Semiurban,Y,Medium,6700.0,High,4.933333333333334,411.11111111111114,1
Male,No,1,Graduate,No,37719,0.0,152.0,30.0,1.0,Semiurban,Y,H4,37719.0,Very High,5.066666666666666,422.2222222222222,1
Male,Yes,0,Graduate,No,7333,8333.0,175.0,25.0,,Rural,Y,H1,15666.0,Very High,7.0,583.3333333333334,1
Male,Yes,1,Graduate,Yes,3466,1210.0,130.0,30.0,1.0,Rural,Y,Average,4676.0,Average,4.333333333333333,361.1111111111111,1
Male,Yes,2,Not Graduate,No,4652,0.0,110.0,30.0,1.0,Rural,Y,Medium,4652.0,Average,3.6666666666666665,305.55555555555554,1
Male,Yes,0,Graduate,,3539,1376.0,55.0,30.0,1.0,Rural,N,Average,4915.0,Average,1.8333333333333333,152.77777777777777,1
Male,Yes,2,Graduate,No,3340,1710.0,150.0,30.0,0.0,Rural,N,Average,5050.0,High,5.0,416.6666666666667,1
Male,No,1,Not Graduate,Yes,2769,1542.0,190.0,30.0,,Semiurban,N,Average,4311.0,Average,6.333333333333333,527.7777777777777,1
Male,Yes,2,Not Graduate,No,2309,1255.0,125.0,30.0,0.0,Rural,N,Low,3564.0,Average,4.166666666666667,347.22222222222223,1
Male,Yes,2,Not Graduate,No,1958,1456.0,60.0,25.0,,Urban,Y,Low,3414.0,Average,2.4,200.0,1
Male,Yes,0,Graduate,No,3948,1733.0,149.0,30.0,0.0,Rural,N,Average,5681.0,High,4.966666666666667,413.8888888888889,1
Male,Yes,0,Graduate,No,2483,2466.0,90.0,15.0,0.0,Rural,Y,Low,4949.0,Average,6.0,500.0,1
Male,No,0,Graduate,Yes,7085,0.0,84.0,30.0,1.0,Semiurban,Y,H1,7085.0,High,2.8,233.33333333333334,1
Male,Yes,2,Graduate,No,3859,0.0,96.0,30.0,1.0,Semiurban,Y,Average,3859.0,Average,3.2,266.6666666666667,1
Male,Yes,0,Graduate,No,4301,0.0,118.0,30.0,1.0,Urban,Y,Medium,4301.0,Average,3.933333333333333,327.77777777777777,1
Male,Yes,0,Graduate,No,3708,2569.0,173.0,30.0,1.0,Urban,N,Average,6277.0,High,5.766666666666667,480.5555555555556,1
Male,No,2,Graduate,No,4354,0.0,136.0,30.0,1.0,Rural,Y,Medium,4354.0,Average,4.533333333333333,377.77777777777777,1
Male,Yes,0,Graduate,No,8334,0.0,160.0,30.0,1.0,Semiurban,N,H2,8334.0,Very High,5.333333333333333,444.4444444444444,1
,Yes,0,Graduate,Yes,2083,4083.0,160.0,30.0,,Semiurban,Y,Low,6166.0,High,5.333333333333333,444.4444444444444,1
Male,Yes,3+,Graduate,No,7740,0.0,128.0,15.0,1.0,Urban,Y,H1,7740.0,High,8.533333333333333,711.1111111111112,1
Male,Yes,0,Graduate,No,3015,2188.0,153.0,30.0,1.0,Rural,Y,Average,5203.0,High,5.1,425.0,1
Female,No,1,Not Graduate,,5191,0.0,132.0,30.0,1.0,Semiurban,Y,Medium,5191.0,High,4.4,366.6666666666667,1
Male,No,0,Graduate,No,4166,0.0,98.0,30.0,0.0,Semiurban,N,Medium,4166.0,Average,3.2666666666666666,272.22222222222223,1
Male,No,0,Graduate,No,6000,0.0,140.0,30.0,1.0,Rural,Y,Medium,6000.0,High,4.666666666666667,388.8888888888889,1
Male,Yes,3+,Not Graduate,No,2947,1664.0,70.0,15.0,0.0,Urban,N,Average,4611.0,Average,4.666666666666667,388.8888888888889,1
,Yes,0,Graduate,No,16692,0.0,110.0,30.0,1.0,Semiurban,Y,H3,16692.0,Very High,3.6666666666666665,305.55555555555554,1
Female,Yes,2,Not Graduate,,210,2917.0,98.0,30.0,1.0,Semiurban,Y,Low,3127.0,Average,3.2666666666666666,272.22222222222223,1
Male,Yes,0,Graduate,No,4333,2451.0,110.0,30.0,1.0,Urban,N,Medium,6784.0,High,3.6666666666666665,305.55555555555554,1
Male,Yes,1,Graduate,Yes,3450,2079.0,162.0,30.0,1.0,Semiurban,Y,Average,5529.0,High,5.4,450.0,1
Male,Yes,1,Not Graduate,No,2653,1500.0,113.0,15.0,0.0,Rural,N,Average,4153.0,Average,7.533333333333333,627.7777777777777,1
Male,Yes,3+,Graduate,No,4691,0.0,100.0,30.0,1.0,Semiurban,Y,Medium,4691.0,Average,3.3333333333333335,277.77777777777777,1
Female,No,0,Graduate,Yes,2500,0.0,93.0,30.0,,Urban,Y,Low,2500.0,Low,3.1,258.3333333333333,1
Male,No,2,Graduate,No,5532,4648.0,162.0,30.0,1.0,Rural,Y,Medium,10180.0,Very High,5.4,450.0,1
Male,Yes,2,Graduate,Yes,16525,1014.0,150.0,30.0,1.0,Rural,Y,H3,17539.0,Very High,5.0,416.6666666666667,1
Male,Yes,2,Graduate,No,6700,1750.0,230.0,25.0,1.0,Semiurban,Y,H1,8450.0,Very High,9.2,766.6666666666666,1
,Yes,2,Graduate,No,2873,1872.0,132.0,30.0,0.0,Semiurban,N,Average,4745.0,Average,4.4,366.6666666666667,1
Male,Yes,1,Graduate,Yes,16667,2250.0,86.0,30.0,1.0,Semiurban,Y,H3,18917.0,Very High,2.8666666666666667,238.88888888888889,1
Male,Yes,2,Graduate,No,2947,1603.0,,30.0,1.0,Urban,N,Average,4550.0,Average,,,0
Female,No,0,Not Graduate,No,4350,0.0,154.0,30.0,1.0,Rural,Y,Medium,4350.0,Average,5.133333333333334,427.7777777777778,1
Male,Yes,3+,Not Graduate,No,3095,0.0,113.0,30.0,1.0,Rural,Y,Average,3095.0,Average,3.7666666666666666,313.88888888888886,1
Male,Yes,0,Graduate,No,2083,3150.0,128.0,30.0,1.0,Semiurban,Y,Low,5233.0,High,4.266666666666667,355.5555555555556,1
Male,Yes,0,Graduate,No,10833,0.0,234.0,30.0,1.0,Semiurban,Y,H3,10833.0,Very High,7.8,650.0,1
Male,Yes,2,Graduate,No,8333,0.0,246.0,30.0,1.0,Semiurban,Y,H2,8333.0,Very High,8.2,683.3333333333334,1
Male,Yes,1,Not Graduate,No,1958,2436.0,131.0,30.0,1.0,Rural,Y,Low,4394.0,Average,4.366666666666666,363.88888888888886,1
Male,No,2,Graduate,No,3547,0.0,80.0,30.0,0.0,Rural,N,Average,3547.0,Average,2.6666666666666665,222.2222222222222,1
Male,Yes,1,Graduate,No,18333,0.0,500.0,30.0,1.0,Urban,N,H3,18333.0,Very High,16.666666666666668,1388.888888888889,1
Male,Yes,2,Graduate,Yes,4583,2083.0,160.0,30.0,1.0,Semiurban,Y,Medium,6666.0,High,5.333333333333333,444.4444444444444,1
Male,No,0,Graduate,No,2435,0.0,75.0,30.0,1.0,Urban,N,Low,2435.0,Low,2.5,208.33333333333334,1
Male,No,0,Not Graduate,No,2699,2785.0,96.0,30.0,,Semiurban,Y,Average,5484.0,High,3.2,266.6666666666667,1
Male,Yes,1,Not Graduate,No,5333,1131.0,186.0,30.0,,Urban,Y,Medium,6464.0,High,6.2,516.6666666666666,1
Male,No,0,Not Graduate,No,3691,0.0,110.0,30.0,1.0,Rural,Y,Average,3691.0,Average,3.6666666666666665,305.55555555555554,1
Female,No,0,Not Graduate,Yes,17263,0.0,225.0,30.0,1.0,Semiurban,Y,H3,17263.0,Very High,7.5,625.0,1
Male,Yes,0,Graduate,No,3597,2157.0,119.0,30.0,0.0,Rural,N,Average,5754.0,High,3.966666666666667,330.5555555555556,1
Female,Yes,1,Graduate,No,3326,913.0,105.0,7.0,1.0,Semiurban,Y,Average,4239.0,Average,15.0,1250.0,1
Male,Yes,0,Not Graduate,No,2600,1700.0,107.0,30.0,1.0,Rural,Y,Average,4300.0,Average,3.566666666666667,297.22222222222223,1
Male,Yes,0,Graduate,No,4625,2857.0,111.0,1.0,,Urban,Y,Medium,7482.0,High,111.0,9250.0,0
Male,Yes,1,Graduate,Yes,2895,0.0,95.0,30.0,1.0,Semiurban,Y,Average,2895.0,Low,3.1666666666666665,263.88888888888886,1
Male,No,0,Graduate,No,6283,4416.0,209.0,30.0,0.0,Rural,N,H1,10699.0,Very High,6.966666666666667,580.5555555555555,1
Female,No,0,Graduate,No,645,3683.0,113.0,40.0,1.0,Rural,Y,Low,4328.0,Average,2.825,235.41666666666666,1
Female,No,0,Graduate,No,3159,0.0,100.0,30.0,1.0,Semiurban,Y,Average,3159.0,Average,3.3333333333333335,277.77777777777777,1
Male,Yes,2,Graduate,No,4865,5624.0,208.0,30.0,1.0,Semiurban,Y,Medium,10489.0,Very High,6.933333333333334,577.7777777777778,1
Male,Yes,1,Not Graduate,No,4050,5302.0,138.0,30.0,,Rural,N,Medium,9352.0,Very High,4.6,383.3333333333333,1
Male,Yes,0,Not Graduate,No,3814,1483.0,124.0,25.0,1.0,Semiurban,Y,Average,5297.0,High,4.96,413.3333333333333,1
Male,Yes,2,Graduate,No,3510,4416.0,243.0,30.0,1.0,Rural,Y,Average,7926.0,High,8.1,675.0,1
Male,Yes,0,Graduate,No,20833,6667.0,480.0,30.0,,Urban,Y,H4,27500.0,Very High,16.0,1333.3333333333333,1
,No,0,Graduate,No,3583,0.0,96.0,30.0,1.0,Urban,N,Average,3583.0,Average,3.2,266.6666666666667,1
Male,Yes,0,Graduate,Yes,2479,3013.0,188.0,30.0,1.0,Urban,Y,Low,5492.0,High,6.266666666666667,522.2222222222223,1
Female,No,1,Graduate,No,13262,0.0,40.0,30.0,1.0,Urban,Y,H3,13262.0,Very High,1.3333333333333333,111.1111111111111,1
Male,No,0,Not Graduate,No,3598,1287.0,100.0,30.0,1.0,Rural,N,Average,4885.0,Average,3.3333333333333335,277.77777777777777,1
Male,Yes,1,Graduate,No,6065,2004.0,250.0,30.0,1.0,Semiurban,Y,H1,8069.0,Very High,8.333333333333334,694.4444444444445,1
Male,Yes,2,Graduate,No,3283,2035.0,148.0,30.0,1.0,Urban,Y,Average,5318.0,High,4.933333333333334,411.11111111111114,1
Male,Yes,0,Graduate,No,2130,6666.0,70.0,15.0,1.0,Semiurban,N,Low,8796.0,Very High,4.666666666666667,388.8888888888889,1
Male,No,0,Graduate,No,5815,3666.0,311.0,30.0,1.0,Rural,N,Medium,9481.0,Very High,10.366666666666667,863.888888888889,1
Male,Yes,3+,Graduate,No,3466,3428.0,150.0,30.0,1.0,Rural,Y,Average,6894.0,High,5.0,416.6666666666667,1
Female,Yes,2,Graduate,No,2031,1632.0,113.0,40.0,1.0,Semiurban,Y,Low,3663.0,Average,2.825,235.41666666666666,1
Male,Yes,,Not Graduate,No,3074,1800.0,123.0,30.0,0.0,Semiurban,N,Average,4874.0,Average,4.1,341.6666666666667,1
Male,No,0,Graduate,No,4683,1915.0,185.0,30.0,1.0,Semiurban,N,Medium,6598.0,High,6.166666666666667,513.8888888888889,1
Female,No,0,Not Graduate,No,3400,0.0,95.0,30.0,1.0,Rural,N,Average,3400.0,Average,3.1666666666666665,263.88888888888886,1
Male,Yes,2,Not Graduate,No,2192,1742.0,45.0,30.0,1.0,Semiurban,Y,Low,3934.0,Average,1.5,125.0,1
Male,No,0,Graduate,No,2500,0.0,55.0,30.0,1.0,Semiurban,Y,Low,2500.0,Low,1.8333333333333333,152.77777777777777,1
Male,Yes,3+,Graduate,Yes,5677,1424.0,100.0,30.0,1.0,Rural,Y,Medium,7101.0,High,3.3333333333333335,277.77777777777777,1
Male,Yes,2,Graduate,Yes,7948,7166.0,480.0,30.0,1.0,Rural,Y,H1,15114.0,Very High,16.0,1333.3333333333333,1
Male,No,0,Graduate,No,4680,2087.0,,30.0,1.0,Semiurban,N,Medium,6767.0,High,,,0
Male,Yes,2,Graduate,Yes,17500,0.0,400.0,30.0,1.0,Rural,Y,H3,17500.0,Very High,13.333333333333334,1111.111111111111,1
Male,Yes,0,Graduate,No,3775,0.0,110.0,30.0,1.0,Semiurban,Y,Average,3775.0,Average,3.6666666666666665,305.55555555555554,1
Male,Yes,1,Not Graduate,No,5285,1430.0,161.0,30.0,0.0,Semiurban,Y,Medium,6715.0,High,5.366666666666666,447.2222222222222,1
Male,No,1,Not Graduate,No,2679,1302.0,94.0,30.0,1.0,Semiurban,Y,Average,3981.0,Average,3.1333333333333333,261.11111111111114,1
Male,No,0,Not Graduate,No,6783,0.0,130.0,30.0,1.0,Semiurban,Y,H1,6783.0,High,4.333333333333333,361.1111111111111,1
Male,Yes,0,Graduate,No,1025,5500.0,216.0,30.0,,Rural,Y,Low,6525.0,High,7.2,600.0,1
Male,Yes,3+,Graduate,No,4281,0.0,100.0,30.0,1.0,Urban,Y,Medium,4281.0,Average,3.3333333333333335,277.77777777777777,1
Male,No,2,Graduate,No,3588,0.0,110.0,30.0,0.0,Rural,N,Average,3588.0,Average,3.6666666666666665,305.55555555555554,1
Male,No,1,Graduate,No,11250,0.0,196.0,30.0,,Semiurban,N,H3,11250.0,Very High,6.533333333333333,544.4444444444445,1
Female,No,0,Not Graduate,Yes,18165,0.0,125.0,30.0,1.0,Urban,Y,H3,18165.0,Very High,4.166666666666667,347.22222222222223,1
Male,No,0,Not Graduate,,2550,2042.0,126.0,30.0,1.0,Rural,Y,Average,4592.0,Average,4.2,350.0,1
Male,Yes,0,Graduate,No,6133,3906.0,324.0,30.0,1.0,Urban,Y,H1,10039.0,Very High,10.8,900.0,1
Male,No,2,Graduate,No,3617,0.0,107.0,30.0,1.0,Semiurban,Y,Average,3617.0,Average,3.566666666666667,297.22222222222223,1
Male,Yes,0,Not Graduate,No,2917,536.0,66.0,30.0,1.0,Rural,N,Average,3453.0,Average,2.2,183.33333333333334,1
Male,Yes,3+,Graduate,No,6417,0.0,157.0,15.0,1.0,Rural,Y,H1,6417.0,High,10.466666666666667,872.2222222222222,1
Female,Yes,1,Graduate,No,4608,2845.0,140.0,15.0,1.0,Semiurban,Y,Medium,7453.0,High,9.333333333333334,777.7777777777778,1
Female,No,0,Graduate,No,2138,0.0,99.0,30.0,0.0,Semiurban,N,Low,2138.0,Low,3.3,275.0,1
Female,No,1,Graduate,,3652,0.0,95.0,30.0,1.0,Semiurban,Y,Average,3652.0,Average,3.1666666666666665,263.88888888888886,1
Male,Yes,1,Not Graduate,No,2239,2524.0,128.0,30.0,1.0,Urban,Y,Low,4763.0,Average,4.266666666666667,355.5555555555556,1
Female,Yes,0,Not Graduate,No,3017,663.0,102.0,30.0,,Semiurban,Y,Average,3680.0,Average,3.4,283.3333333333333,1
Male,Yes,0,Graduate,No,2768,1950.0,155.0,30.0,1.0,Rural,Y,Average,4718.0,Average,5.166666666666667,430.5555555555556,1
Male,No,0,Not Graduate,No,3358,0.0,80.0,3.0,1.0,Semiurban,N,Average,3358.0,Average,26.666666666666668,2222.222222222222,0
Male,No,0,Graduate,No,2526,1783.0,145.0,30.0,1.0,Rural,Y,Average,4309.0,Average,4.833333333333333,402.77777777777777,1
Female,No,0,Graduate,No,5000,0.0,103.0,30.0,0.0,Semiurban,N,Medium,5000.0,Average,3.433333333333333,286.1111111111111,1
Male,Yes,0,Graduate,No,2785,2016.0,110.0,30.0,1.0,Rural,Y,Average,4801.0,Average,3.6666666666666665,305.55555555555554,1
Male,Yes,2,Graduate,Yes,6633,0.0,,30.0,0.0,Rural,N,H1,6633.0,High,,,0
Male,Yes,1,Not Graduate,No,2492,2375.0,,30.0,1.0,Rural,Y,Low,4867.0,Average,,,0
Male,Yes,1,Graduate,No,3333,3250.0,158.0,30.0,1.0,Urban,Y,Average,6583.0,High,5.266666666666667,438.8888888888889,1
Male,Yes,0,Not Graduate,No,2454,2333.0,181.0,30.0,0.0,Urban,N,Low,4787.0,Average,6.033333333333333,502.77777777777777,1
Male,Yes,0,Graduate,No,3593,4266.0,132.0,15.0,0.0,Rural,N,Average,7859.0,High,8.8,733.3333333333334,1
Male,Yes,1,Graduate,No,5468,1032.0,26.0,30.0,1.0,Semiurban,Y,Medium,6500.0,High,0.8666666666666667,72.22222222222223,1
Female,No,0,Graduate,No,2667,1625.0,84.0,30.0,,Urban,Y,Average,4292.0,Average,2.8,233.33333333333334,1
Male,Yes,3+,Graduate,Yes,10139,0.0,260.0,30.0,1.0,Semiurban,Y,H3,10139.0,Very High,8.666666666666666,722.2222222222222,1
Male,Yes,0,Graduate,No,3887,2669.0,162.0,30.0,1.0,Semiurban,Y,Average,6556.0,High,5.4,450.0,1
Female,Yes,0,Graduate,No,4180,2306.0,182.0,30.0,1.0,Semiurban,Y,Medium,6486.0,High,6.066666666666666,505.5555555555555,1
Male,Yes,2,Not Graduate,No,3675,242.0,108.0,30.0,1.0,Semiurban,Y,Average,3917.0,Average,3.6,300.0,1
Female,Yes,1,Graduate,Yes,19484,0.0,600.0,30.0,1.0,Semiurban,Y,H3,19484.0,Very High,20.0,1666.6666666666667,1
Male,Yes,0,Graduate,No,5923,2054.0,211.0,30.0,1.0,Rural,Y,Medium,7977.0,High,7.033333333333333,586.1111111111111,1
Male,No,0,Not Graduate,Yes,5800,0.0,132.0,30.0,1.0,Semiurban,Y,Medium,5800.0,High,4.4,366.6666666666667,1
Male,Yes,2,Graduate,No,8799,0.0,258.0,30.0,0.0,Urban,N,H2,8799.0,Very High,8.6,716.6666666666666,1
Male,Yes,0,Not Graduate,No,4467,0.0,120.0,30.0,,Rural,Y,Medium,4467.0,Average,4.0,333.3333333333333,1
Male,No,0,Graduate,No,3333,0.0,70.0,30.0,1.0,Urban,Y,Average,3333.0,Average,2.3333333333333335,194.44444444444446,1
Male,Yes,3+,Graduate,No,3400,2500.0,123.0,30.0,0.0,Rural,N,Average,5900.0,High,4.1,341.6666666666667,1
Female,No,0,Graduate,No,2378,0.0,9.0,30.0,1.0,Urban,N,Low,2378.0,Low,0.3,25.0,1
Male,Yes,0,Graduate,No,3166,2064.0,104.0,30.0,0.0,Urban,N,Average,5230.0,High,3.466666666666667,288.8888888888889,1
Male,Yes,1,Graduate,No,3417,1750.0,186.0,30.0,1.0,Urban,Y,Average,5167.0,High,6.2,516.6666666666666,1
Male,Yes,,Graduate,No,5116,1451.0,165.0,30.0,0.0,Urban,N,Medium,6567.0,High,5.5,458.3333333333333,1
Male,Yes,2,Graduate,No,16666,0.0,275.0,30.0,1.0,Urban,Y,H3,16666.0,Very High,9.166666666666666,763.8888888888888,1
Male,Yes,2,Not Graduate,No,6125,1625.0,187.0,40.0,1.0,Semiurban,N,H1,7750.0,High,4.675,389.5833333333333,1
Male,Yes,3+,Graduate,No,6406,0.0,150.0,30.0,1.0,Semiurban,N,H1,6406.0,High,5.0,416.6666666666667,1
Male,Yes,2,Graduate,No,3159,461.0,108.0,7.0,1.0,Urban,Y,Average,3620.0,Average,15.428571428571429,1285.7142857142858,0
,Yes,0,Graduate,No,3087,2210.0,136.0,30.0,0.0,Semiurban,N,Average,5297.0,High,4.533333333333333,377.77777777777777,1
Male,No,0,Graduate,No,3229,2739.0,110.0,30.0,1.0,Urban,Y,Average,5968.0,High,3.6666666666666665,305.55555555555554,1
Male,Yes,1,Graduate,No,1782,2232.0,107.0,30.0,1.0,Rural,Y,Low,4014.0,Average,3.566666666666667,297.22222222222223,1
Male,No,0,Graduate,,3182,2917.0,161.0,30.0,1.0,Urban,Y,Average,6099.0,High,5.366666666666666,447.2222222222222,1
Male,Yes,2,Graduate,No,6540,0.0,205.0,30.0,1.0,Semiurban,Y,H1,6540.0,High,6.833333333333333,569.4444444444445,1
Male,No,0,Graduate,No,1836,33837.0,90.0,30.0,1.0,Urban,N,Low,35673.0,Very High,3.0,250.0,1
Female,Yes,0,Graduate,No,3166,0.0,36.0,30.0,1.0,Semiurban,Y,Average,3166.0,Average,1.2,100.0,1
Male,Yes,1,Graduate,No,1880,0.0,61.0,30.0,,Rural,N,Low,1880.0,Low,2.033333333333333,169.44444444444443,1
Male,Yes,1,Graduate,No,2787,1917.0,146.0,30.0,0.0,Rural,N,Average,4704.0,Average,4.866666666666666,405.5555555555555,1
Male,Yes,1,Graduate,No,4283,3000.0,172.0,7.0,1.0,Rural,N,Medium,7283.0,High,24.571428571428573,2047.6190476190477,1
Male,Yes,0,Graduate,No,2297,1522.0,104.0,30.0,1.0,Urban,Y,Low,3819.0,Average,3.466666666666667,288.8888888888889,1
Female,No,0,Not Graduate,No,2165,0.0,70.0,30.0,1.0,Semiurban,Y,Low,2165.0,Low,2.3333333333333335,194.44444444444446,1
,No,0,Graduate,No,4750,0.0,94.0,30.0,1.0,Semiurban,Y,Medium,4750.0,Average,3.1333333333333333,261.11111111111114,1
Male,Yes,2,Graduate,Yes,2726,0.0,106.0,30.0,0.0,Semiurban,N,Average,2726.0,Low,3.533333333333333,294.4444444444444,1
Male,Yes,0,Graduate,No,3000,3416.0,56.0,15.0,1.0,Semiurban,Y,Average,6416.0,High,3.7333333333333334,311.11111111111114,1
Male,Yes,2,Graduate,Yes,6000,0.0,205.0,20.0,1.0,Semiurban,N,Medium,6000.0,High,10.25,854.1666666666666,1
,No,3+,Graduate,Yes,9357,0.0,292.0,30.0,1.0,Semiurban,Y,H2,9357.0,Very High,9.733333333333333,811.111111111111,1
Male,Yes,0,Graduate,No,3859,3300.0,142.0,15.0,1.0,Rural,Y,Average,7159.0,High,9.466666666666667,788.8888888888888,1
Male,Yes,0,Graduate,Yes,16120,0.0,260.0,30.0,1.0,Urban,Y,H3,16120.0,Very High,8.666666666666666,722.2222222222222,1
Male,No,0,Not Graduate,No,3833,0.0,110.0,30.0,1.0,Rural,Y,Average,3833.0,Average,3.6666666666666665,305.55555555555554,1
Male,Yes,2,Not Graduate,Yes,6383,1000.0,187.0,30.0,1.0,Rural,N,H1,7383.0,High,6.233333333333333,519.4444444444445,1
Male,No,,Graduate,No,2987,0.0,88.0,30.0,0.0,Semiurban,N,Average,2987.0,Low,2.933333333333333,244.44444444444443,1
Male,Yes,0,Graduate,Yes,9963,0.0,180.0,30.0,1.0,Rural,Y,H2,9963.0,Very High,6.0,500.0,1
Male,Yes,2,Graduate,No,5780,0.0,192.0,30.0,1.0,Urban,Y,Medium,5780.0,High,6.4,533.3333333333334,1
Female,No,3+,Graduate,,416,41667.0,350.0,15.0,,Urban,N,Low,42083.0,Very High,23.333333333333332,1944.4444444444443,1
Male,Yes,0,Not Graduate,,2894,2792.0,155.0,30.0,1.0,Rural,Y,Average,5686.0,High,5.166666666666667,430.5555555555556,1
Male,Yes,3+,Graduate,No,5703,0.0,128.0,30.0,1.0,Urban,Y,Medium,5703.0,High,4.266666666666667,355.5555555555556,1
Male,No,0,Graduate,No,3676,4301.0,172.0,30.0,1.0,Rural,Y,Average,7977.0,High,5.733333333333333,477.77777777777777,1
Female,Yes,1,Graduate,No,12000,0.0,496.0,30.0,1.0,Semiurban,Y,H3,12000.0,Very High,16.533333333333335,1377.777777777778,1
Male,Yes,0,Not Graduate,No,2400,3800.0,,15.0,1.0,Urban,N,Low,6200.0,High,,,0
Male,Yes,1,Graduate,No,3400,2500.0,173.0,30.0,1.0,Semiurban,Y,Average,5900.0,High,5.766666666666667,480.5555555555556,1
Male,Yes,2,Not Graduate,No,3987,1411.0,157.0,30.0,1.0,Rural,Y,Average,5398.0,High,5.233333333333333,436.1111111111111,1
Male,Yes,0,Graduate,No,3232,1950.0,108.0,30.0,1.0,Rural,Y,Average,5182.0,High,3.6,300.0,1
Female,No,0,Graduate,No,2900,0.0,71.0,30.0,1.0,Rural,Y,Average,2900.0,Low,2.3666666666666667,197.2222222222222,1
Male,Yes,3+,Graduate,No,4106,0.0,40.0,15.0,1.0,Rural,Y,Medium,4106.0,Average,2.6666666666666665,222.2222222222222,1
Male,Yes,1,Graduate,No,8072,240.0,253.0,30.0,1.0,Urban,Y,H2,8312.0,Very High,8.433333333333334,702.7777777777778,1
Male,Yes,2,Graduate,No,7583,0.0,187.0,30.0,1.0,Urban,Y,H1,7583.0,High,6.233333333333333,519.4444444444445,1
Female,No,0,Graduate,Yes,4583,0.0,133.0,30.0,0.0,Semiurban,N,Medium,4583.0,Average,4.433333333333334,369.4444444444445,1
